TIPO,CATEGORIA_ID,SUBCATEGORIA_ID,MAQUINA_ID,ID,NOMBRE,SLUG,DESCRIPCION,TIENE_MAQUINAS,IMAGEN,ALT,ESPECIFICACIONES,SERVICIOS,KEYWORDS,META_TITLE,META_DESCRIPTION,EMPRESA,UBICACION,DOMINIO
CONFIG,,,,,,,,,,,,,,,,Maquinaria Hidráulicas del Tajo,"Torrijos, Toledo - Madrid",maquinaria-hidraulicas-del-tajo.es
CATEGORIA,aire-comprimido,,,aire-comprimido,AIRE COMPRIMIDO,aire-comprimido,"Alquiler, reparación y venta de maquinaria de aire comprimido en Torrijos, Toledo - Madrid",,,,,,,"AIRE COMPRIMIDO | Alquiler, Reparación, Venta | Torrijos, Toledo","Especialistas en aire comprimido en Torrijos, Toledo. Alquiler, reparación y venta de maquinaria profesional para obras y construcción.",,,
SUBCATEGORIA,aire-comprimido,compresores,,compresores,COMPRESORES,compresores,"Especialistas en compresores en Torrijos, Toledo - Madrid",true,,,,,,"COMPRESORES | AIRE COMPRIMIDO | Torrijos, Toledo","Especialistas en compresores en Torrijos, Toledo. Alquiler, reparación y venta de compresores profesionales.",,,
SUBCATEGORIA,aire-comprimido,martillos-neumaticos,,martillos-neumaticos,MARTILLOS NEUMATICOS,martillos-neumaticos,"Especialistas en martillos neumaticos en Torrijos, Toledo - Madrid",true,,,,,,"MARTILLOS NEUMATICOS | AIRE COMPRIMIDO | Torrijos, Toledo","Especialistas en martillos neumaticos en Torrijos, Toledo. Alquiler, reparación y venta de martillos neumaticos profesionales.",,,
SUBCATEGORIA,aire-comprimido,cinceladores-neumaticos,,cinceladores-neumaticos,CINCELADORES NEUMATICOS,cinceladores-neumaticos,"Especialistas en cinceladores neumaticos en Torrijos, Toledo - Madrid",true,,,,,,"CINCELADORES NEUMATICOS | AIRE COMPRIMIDO | Torrijos, Toledo","Especialistas en cinceladores neumaticos en Torrijos, Toledo. Alquiler, reparación y venta de cinceladores neumaticos profesionales.",,,
SUBCATEGORIA,aire-comprimido,vibradores-neumaticos,,vibradores-neumaticos,VIBRADORES NEUMATICOS,vibradores-neumaticos,"Especialistas en vibradores neumaticos en Torrijos, Toledo - Madrid",false,,,,,,"VIBRADORES NEUMATICOS | AIRE COMPRIMIDO | Torrijos, Toledo","Especialistas en vibradores neumaticos en Torrijos, Toledo. Alquiler, reparación y venta de vibradores neumaticos profesionales.",,,
CATEGORIA,limpieza,,,limpieza,LIMPIEZA,limpieza,"Alquiler, reparación y venta de maquinaria de limpieza en Torrijos, Toledo - Madrid",,,,,,,"LIMPIEZA | Alquiler, Reparación, Venta | Torrijos, Toledo","Especialistas en limpieza en Torrijos, Toledo. Alquiler, reparación y venta de maquinaria profesional para obras y construcción.",,,
SUBCATEGORIA,limpieza,barredoras,,barredoras,BARREDORAS,barredoras,"Especialistas en barredoras en Torrijos, Toledo - Madrid",true,,,,,,"BARREDORAS | LIMPIEZA | Torrijos, Toledo","Especialistas en barredoras en Torrijos, Toledo. Alquiler, reparación y venta de barredoras profesionales.",,,
SUBCATEGORIA,limpieza,fregadoras,,fregadoras,FREGADORAS,fregadoras,"Especialistas en fregadoras en Torrijos, Toledo - Madrid",true,,,,,,"FREGADORAS | LIMPIEZA | Torrijos, Toledo","Especialistas en fregadoras en Torrijos, Toledo. Alquiler, reparación y venta de fregadoras profesionales.",,,
SUBCATEGORIA,limpieza,hidrolimpiadoras,,hidrolimpiadoras,HIDROLIMPIADORAS,hidrolimpiadoras,"Especialistas en hidrolimpiadoras en Torrijos, Toledo - Madrid",true,,,,,,"HIDROLIMPIADORAS | LIMPIEZA | Torrijos, Toledo","Especialistas en hidrolimpiadoras en Torrijos, Toledo. Alquiler, reparación y venta de hidrolimpiadoras profesionales.",,,
SUBCATEGORIA,limpieza,desatascador-tuberias,,desatascador-tuberias,DESATASCADOR TUBERIAS,desatascador-tuberias,"Especialistas en desatascador tuberias en Torrijos, Toledo - Madrid",false,,,,,,"DESATASCADOR TUBERIAS | LIMPIEZA | Torrijos, Toledo","Especialistas en desatascador tuberias en Torrijos, Toledo. Alquiler, reparación y venta de desatascador tuberias profesionales.",,,
SUBCATEGORIA,limpieza,bombas-aguas-limpias,,bombas-aguas-limpias,BOMBAS AGUAS LIMPIAS,bombas-aguas-limpias,"Especialistas en bombas aguas limpias en Torrijos, Toledo - Madrid",true,,,,,,"BOMBAS AGUAS LIMPIAS | LIMPIEZA | Torrijos, Toledo","Especialistas en bombas aguas limpias en Torrijos, Toledo. Alquiler, reparación y venta de bombas aguas limpias profesionales.",,,
SUBCATEGORIA,limpieza,bombas-aguas-residuales,,bombas-aguas-residuales,BOMBAS AGUAS RESIDUALES,bombas-aguas-residuales,"Especialistas en bombas aguas residuales en Torrijos, Toledo - Madrid",true,,,,,,"BOMBAS AGUAS RESIDUALES | LIMPIEZA | Torrijos, Toledo","Especialistas en bombas aguas residuales en Torrijos, Toledo. Alquiler, reparación y venta de bombas aguas residuales profesionales.",,,
SUBCATEGORIA,limpieza,bombas-drenaje,,bombas-drenaje,BOMBAS DRENAJE,bombas-drenaje,"Especialistas en bombas drenaje en Torrijos, Toledo - Madrid",true,,,,,,"BOMBAS DRENAJE | LIMPIEZA | Torrijos, Toledo","Especialistas en bombas drenaje en Torrijos, Toledo. Alquiler, reparación y venta de bombas drenaje profesionales.",,,
CATEGORIA,demolicion,,,demolicion,DEMOLICION,demolicion,"Alquiler, reparación y venta de maquinaria de demolicion en Torrijos, Toledo - Madrid",,,,,,,"DEMOLICION | Alquiler, Reparación, Venta | Torrijos, Toledo","Especialistas en demolicion en Torrijos, Toledo. Alquiler, reparación y venta de maquinaria profesional para obras y construcción.",,,
SUBCATEGORIA,demolicion,martillos-rompedores,,martillos-rompedores,MARTILLOS ROMPEDORES,martillos-rompedores,"Especialistas en martillos rompedores en Torrijos, Toledo - Madrid",true,,,,,,"MARTILLOS ROMPEDORES | DEMOLICION | Torrijos, Toledo","Especialistas en martillos rompedores en Torrijos, Toledo. Alquiler, reparación y venta de martillos rompedores profesionales.",,,
SUBCATEGORIA,demolicion,martillos-demoledores,,martillos-demoledores,MARTILLOS DEMOLEDORES,martillos-demoledores,"Especialistas en martillos demoledores en Torrijos, Toledo - Madrid",true,,,,,,"MARTILLOS DEMOLEDORES | DEMOLICION | Torrijos, Toledo","Especialistas en martillos demoledores en Torrijos, Toledo. Alquiler, reparación y venta de martillos demoledores profesionales.",,,
SUBCATEGORIA,demolicion,martillos-perforadores,,martillos-perforadores,MARTILLOS PERFORADORES,martillos-perforadores,"Especialistas en martillos perforadores en Torrijos, Toledo - Madrid",true,,,,,,"MARTILLOS PERFORADORES | DEMOLICION | Torrijos, Toledo","Especialistas en martillos perforadores en Torrijos, Toledo. Alquiler, reparación y venta de martillos perforadores profesionales.",,,
SUBCATEGORIA,demolicion,cortadoras-de-gasolina,,cortadoras-de-gasolina,CORTADORAS DE GASOLINA,cortadoras-de-gasolina,"Especialistas en cortadoras de gasolina en Torrijos, Toledo - Madrid",true,,,,,,"CORTADORAS DE GASOLINA | DEMOLICION | Torrijos, Toledo","Especialistas en cortadoras de gasolina en Torrijos, Toledo. Alquiler, reparación y venta de cortadoras de gasolina profesionales.",,,
SUBCATEGORIA,demolicion,cortadoras-de-hormigon,,cortadoras-de-hormigon,CORTADORAS DE HORMIGON,cortadoras-de-hormigon,"Especialistas en cortadoras de hormigon en Torrijos, Toledo - Madrid",false,,,,,,"CORTADORAS DE HORMIGON | DEMOLICION | Torrijos, Toledo","Especialistas en cortadoras de hormigon en Torrijos, Toledo. Alquiler, reparación y venta de cortadoras de hormigon profesionales.",,,
SUBCATEGORIA,demolicion,fresadoras-de-hormigon,,fresadoras-de-hormigon,FRESADORAS DE HORMIGON,fresadoras-de-hormigon,"Especialistas en fresadoras de hormigon en Torrijos, Toledo - Madrid",true,,,,,,"FRESADORAS DE HORMIGON | DEMOLICION | Torrijos, Toledo","Especialistas en fresadoras de hormigon en Torrijos, Toledo. Alquiler, reparación y venta de fresadoras de hormigon profesionales.",,,
CATEGORIA,compactacion,,,compactacion,COMPACTACION,compactacion,"Alquiler, reparación y venta de maquinaria de compactacion en Torrijos, Toledo - Madrid",,,,,,,"COMPACTACION | Alquiler, Reparación, Venta | Torrijos, Toledo","Especialistas en compactacion en Torrijos, Toledo. Alquiler, reparación y venta de maquinaria profesional para obras y construcción.",,,
SUBCATEGORIA,compactacion,pison-compactador,,pison-compactador,PISON COMPACTADOR,pison-compactador,"Especialistas en pison compactador en Torrijos, Toledo - Madrid",true,,,,,,"PISON COMPACTADOR | COMPACTACION | Torrijos, Toledo","Especialistas en pison compactador en Torrijos, Toledo. Alquiler, reparación y venta de pison compactador profesionales.",,,
SUBCATEGORIA,compactacion,bandeja-vibrante,,bandeja-vibrante,BANDEJA VIBRANTE,bandeja-vibrante,"Especialistas en bandeja vibrante en Torrijos, Toledo - Madrid",true,,,,,,"BANDEJA VIBRANTE | COMPACTACION | Torrijos, Toledo","Especialistas en bandeja vibrante en Torrijos, Toledo. Alquiler, reparación y venta de bandeja vibrante profesionales.",,,
SUBCATEGORIA,compactacion,rodillo-compactador,,rodillo-compactador,RODILLO COMPACTADOR,rodillo-compactador,"Especialistas en rodillo compactador en Torrijos, Toledo - Madrid",true,,,,,,"RODILLO COMPACTADOR | COMPACTACION | Torrijos, Toledo","Especialistas en rodillo compactador en Torrijos, Toledo. Alquiler, reparación y venta de rodillo compactador profesionales.",,,
CATEGORIA,vibracion,,,vibracion,VIBRACION,vibracion,"Alquiler, reparación y venta de maquinaria de vibracion en Torrijos, Toledo - Madrid",,,,,,,"VIBRACION | Alquiler, Reparación, Venta | Torrijos, Toledo","Especialistas en vibracion en Torrijos, Toledo. Alquiler, reparación y venta de maquinaria profesional para obras y construcción.",,,
SUBCATEGORIA,vibracion,vibrador-aguja,,vibrador-aguja,VIBRADOR AGUJA,vibrador-aguja,"Especialistas en vibrador aguja en Torrijos, Toledo - Madrid",true,,,,,,"VIBRADOR AGUJA | VIBRACION | Torrijos, Toledo","Especialistas en vibrador aguja en Torrijos, Toledo. Alquiler, reparación y venta de vibrador aguja profesionales.",,,
SUBCATEGORIA,vibracion,convertidor-af,,convertidor-af,CONVERTIDOR A.F.,convertidor-af,"Especialistas en convertidor a.f. en Torrijos, Toledo - Madrid",true,,,,,,"CONVERTIDOR A.F. | VIBRACION | Torrijos, Toledo","Especialistas en convertidor a.f. en Torrijos, Toledo. Alquiler, reparación y venta de convertidor a.f. profesionales.",,,
SUBCATEGORIA,vibracion,aguja-convertidor-af,,aguja-convertidor-af,AGUJA CONVERTIDOR A.F.,aguja-convertidor-af,"Especialistas en aguja convertidor a.f. en Torrijos, Toledo - Madrid",true,,,,,,"AGUJA CONVERTIDOR A.F. | VIBRACION | Torrijos, Toledo","Especialistas en aguja convertidor a.f. en Torrijos, Toledo. Alquiler, reparación y venta de aguja convertidor a.f. profesionales.",,,
SUBCATEGORIA,vibracion,regla-vibroextendedora,,regla-vibroextendedora,REGLA VIBROEXTENDEDORA,regla-vibroextendedora,"Especialistas en regla vibroextendedora en Torrijos, Toledo - Madrid",true,,,,,,"REGLA VIBROEXTENDEDORA | VIBRACION | Torrijos, Toledo","Especialistas en regla vibroextendedora en Torrijos, Toledo. Alquiler, reparación y venta de regla vibroextendedora profesionales.",,,
CATEGORIA,elevacion,,,elevacion,ELEVACION,elevacion,"Alquiler, reparación y venta de maquinaria de elevacion en Torrijos, Toledo - Madrid",,,,,,,"ELEVACION | Alquiler, Reparación, Venta | Torrijos, Toledo","Especialistas en elevacion en Torrijos, Toledo. Alquiler, reparación y venta de maquinaria profesional para obras y construcción.",,,
SUBCATEGORIA,elevacion,plataforma-elevadora,,plataforma-elevadora,PLATAFORMA ELEVADORA,plataforma-elevadora,"Especialistas en plataforma elevadora en Torrijos, Toledo - Madrid",true,,,,,,"PLATAFORMA ELEVADORA | ELEVACION | Torrijos, Toledo","Especialistas en plataforma elevadora en Torrijos, Toledo. Alquiler, reparación y venta de plataforma elevadora profesionales.",,,
SUBCATEGORIA,elevacion,plataforma-articulada,,plataforma-articulada,PLATAFORMA ARTICULADA,plataforma-articulada,"Especialistas en plataforma articulada en Torrijos, Toledo - Madrid",true,,,,,,"PLATAFORMA ARTICULADA | ELEVACION | Torrijos, Toledo","Especialistas en plataforma articulada en Torrijos, Toledo. Alquiler, reparación y venta de plataforma articulada profesionales.",,,
SUBCATEGORIA,elevacion,elevador-portatil-300kg,,elevador-portatil-300kg,ELEVADOR PORTATIL 300KG,elevador-portatil-300kg,"Especialistas en elevador portatil 300kg en Torrijos, Toledo - Madrid",true,,,,,,"ELEVADOR PORTATIL 300KG | ELEVACION | Torrijos, Toledo","Especialistas en elevador portatil 300kg en Torrijos, Toledo. Alquiler, reparación y venta de elevador portatil 300kg profesionales.",,,
SUBCATEGORIA,elevacion,escalera-aluminio,,escalera-aluminio,ESCALERA ALUMINIO,escalera-aluminio,"Especialistas en escalera aluminio en Torrijos, Toledo - Madrid",true,,,,,,"ESCALERA ALUMINIO | ELEVACION | Torrijos, Toledo","Especialistas en escalera aluminio en Torrijos, Toledo. Alquiler, reparación y venta de escalera aluminio profesionales.",,,
SUBCATEGORIA,elevacion,camion-pluma,,camion-pluma,CAMION PLUMA,camion-pluma,"Especialistas en camion pluma en Torrijos, Toledo - Madrid",false,,,,,,"CAMION PLUMA | ELEVACION | Torrijos, Toledo","Especialistas en camion pluma en Torrijos, Toledo. Alquiler, reparación y venta de camion pluma profesionales.",,,
SUBCATEGORIA,elevacion,camion-plataforma-articulada,,camion-plataforma-articulada,CAMION PLATAFORMA ARTICULADA,camion-plataforma-articulada,"Especialistas en camion plataforma articulada en Torrijos, Toledo - Madrid",false,,,,,,"CAMION PLATAFORMA ARTICULADA | ELEVACION | Torrijos, Toledo","Especialistas en camion plataforma articulada en Torrijos, Toledo. Alquiler, reparación y venta de camion plataforma articulada profesionales.",,,
SUBCATEGORIA,elevacion,carretillas-elevadoras,,carretillas-elevadoras,CARRETILLAS ELEVADORAS,carretillas-elevadoras,"Especialistas en carretillas elevadoras en Torrijos, Toledo - Madrid",true,,,,,,"CARRETILLAS ELEVADORAS | ELEVACION | Torrijos, Toledo","Especialistas en carretillas elevadoras en Torrijos, Toledo. Alquiler, reparación y venta de carretillas elevadoras profesionales.",,,
SUBCATEGORIA,elevacion,manipuladores-telescopicos,,manipuladores-telescopicos,MANIPULADORES TELESCOPICOS,manipuladores-telescopicos,"Especialistas en manipuladores telescopicos en Torrijos, Toledo - Madrid",true,,,,,,"MANIPULADORES TELESCOPICOS | ELEVACION | Torrijos, Toledo","Especialistas en manipuladores telescopicos en Torrijos, Toledo. Alquiler, reparación y venta de manipuladores telescopicos profesionales.",,,
CATEGORIA,energia,,,energia,ENERGIA,energia,"Alquiler, reparación y venta de maquinaria de energia en Torrijos, Toledo - Madrid",,,,,,,"ENERGIA | Alquiler, Reparación, Venta | Torrijos, Toledo","Especialistas en energia en Torrijos, Toledo. Alquiler, reparación y venta de maquinaria profesional para obras y construcción.",,,
SUBCATEGORIA,energia,grupo-electrogeno,,grupo-electrogeno,GRUPO ELECTROGENO,grupo-electrogeno,"Especialistas en grupo electrogeno en Torrijos, Toledo - Madrid",true,,,,,,"GRUPO ELECTROGENO | ENERGIA | Torrijos, Toledo","Especialistas en grupo electrogeno en Torrijos, Toledo. Alquiler, reparación y venta de grupo electrogeno profesionales.",,,
SUBCATEGORIA,energia,motosoldadora,,motosoldadora,MOTOSOLDADORA,motosoldadora,"Especialistas en motosoldadora en Torrijos, Toledo - Madrid",true,,,,,,"MOTOSOLDADORA | ENERGIA | Torrijos, Toledo","Especialistas en motosoldadora en Torrijos, Toledo. Alquiler, reparación y venta de motosoldadora profesionales.",,,
SUBCATEGORIA,energia,caon-calor,,caon-calor,CAÑON CALOR,caon-calor,"Especialistas en cañon calor en Torrijos, Toledo - Madrid",false,,,,,,"CAÑON CALOR | ENERGIA | Torrijos, Toledo","Especialistas en cañon calor en Torrijos, Toledo. Alquiler, reparación y venta de cañon calor profesionales.",,,
SUBCATEGORIA,energia,deshumidificador,,deshumidificador,DESHUMIDIFICADOR,deshumidificador,"Especialistas en deshumidificador en Torrijos, Toledo - Madrid",true,,,,,,"DESHUMIDIFICADOR | ENERGIA | Torrijos, Toledo","Especialistas en deshumidificador en Torrijos, Toledo. Alquiler, reparación y venta de deshumidificador profesionales.",,,
SUBCATEGORIA,energia,soldadura-inverter,,soldadura-inverter,SOLDADURA INVERTER,soldadura-inverter,"Especialistas en soldadura inverter en Torrijos, Toledo - Madrid",true,,,,,,"SOLDADURA INVERTER | ENERGIA | Torrijos, Toledo","Especialistas en soldadura inverter en Torrijos, Toledo. Alquiler, reparación y venta de soldadura inverter profesionales.",,,
CATEGORIA,jardin,,,jardin,JARDIN,jardin,"Alquiler, reparación y venta de maquinaria de jardin en Torrijos, Toledo - Madrid",,,,,,,"JARDIN | Alquiler, Reparación, Venta | Torrijos, Toledo","Especialistas en jardin en Torrijos, Toledo. Alquiler, reparación y venta de maquinaria profesional para obras y construcción.",,,
SUBCATEGORIA,jardin,cortacesped,,cortacesped,CORTACESPED,cortacesped,"Especialistas en cortacesped en Torrijos, Toledo - Madrid",true,,,,,,"CORTACESPED | JARDIN | Torrijos, Toledo","Especialistas en cortacesped en Torrijos, Toledo. Alquiler, reparación y venta de cortacesped profesionales.",,,
SUBCATEGORIA,jardin,cortasetos,,cortasetos,CORTASETOS,cortasetos,"Especialistas en cortasetos en Torrijos, Toledo - Madrid",true,,,,,,"CORTASETOS | JARDIN | Torrijos, Toledo","Especialistas en cortasetos en Torrijos, Toledo. Alquiler, reparación y venta de cortasetos profesionales.",,,
SUBCATEGORIA,jardin,cortasetos-altura,,cortasetos-altura,CORTASETOS ALTURA,cortasetos-altura,"Especialistas en cortasetos altura en Torrijos, Toledo - Madrid",true,,,,,,"CORTASETOS ALTURA | JARDIN | Torrijos, Toledo","Especialistas en cortasetos altura en Torrijos, Toledo. Alquiler, reparación y venta de cortasetos altura profesionales.",,,
SUBCATEGORIA,jardin,escarificador-cesped,,escarificador-cesped,ESCARIFICADOR CESPED,escarificador-cesped,"Especialistas en escarificador cesped en Torrijos, Toledo - Madrid",true,,,,,,"ESCARIFICADOR CESPED | JARDIN | Torrijos, Toledo","Especialistas en escarificador cesped en Torrijos, Toledo. Alquiler, reparación y venta de escarificador cesped profesionales.",,,
SUBCATEGORIA,jardin,motoazadas,,motoazadas,MOTOAZADAS,motoazadas,"Especialistas en motoazadas en Torrijos, Toledo - Madrid",true,,,,,,"MOTOAZADAS | JARDIN | Torrijos, Toledo","Especialistas en motoazadas en Torrijos, Toledo. Alquiler, reparación y venta de motoazadas profesionales.",,,
SUBCATEGORIA,jardin,zanjadora,,zanjadora,ZANJADORA,zanjadora,"Especialistas en zanjadora en Torrijos, Toledo - Madrid",true,,,,,,"ZANJADORA | JARDIN | Torrijos, Toledo","Especialistas en zanjadora en Torrijos, Toledo. Alquiler, reparación y venta de zanjadora profesionales.",,,
SUBCATEGORIA,jardin,sopladores,,sopladores,SOPLADORES,sopladores,"Especialistas en sopladores en Torrijos, Toledo - Madrid",true,,,,,,"SOPLADORES | JARDIN | Torrijos, Toledo","Especialistas en sopladores en Torrijos, Toledo. Alquiler, reparación y venta de sopladores profesionales.",,,
SUBCATEGORIA,jardin,motopulverizadores,,motopulverizadores,MOTOPULVERIZADORES,motopulverizadores,"Especialistas en motopulverizadores en Torrijos, Toledo - Madrid",true,,,,,,"MOTOPULVERIZADORES | JARDIN | Torrijos, Toledo","Especialistas en motopulverizadores en Torrijos, Toledo. Alquiler, reparación y venta de motopulverizadores profesionales.",,,
CATEGORIA,forestal,,,forestal,FORESTAL,forestal,"Alquiler, reparación y venta de maquinaria de forestal en Torrijos, Toledo - Madrid",,,,,,,"FORESTAL | Alquiler, Reparación, Venta | Torrijos, Toledo","Especialistas en forestal en Torrijos, Toledo. Alquiler, reparación y venta de maquinaria profesional para obras y construcción.",,,
SUBCATEGORIA,forestal,motosierras,,motosierras,MOTOSIERRAS,motosierras,"Especialistas en motosierras en Torrijos, Toledo - Madrid",true,,,,,,"MOTOSIERRAS | FORESTAL | Torrijos, Toledo","Especialistas en motosierras en Torrijos, Toledo. Alquiler, reparación y venta de motosierras profesionales.",,,
SUBCATEGORIA,forestal,podadoras,,podadoras,PODADORAS,podadoras,"Especialistas en podadoras en Torrijos, Toledo - Madrid",false,,,,,,"PODADORAS | FORESTAL | Torrijos, Toledo","Especialistas en podadoras en Torrijos, Toledo. Alquiler, reparación y venta de podadoras profesionales.",,,
SUBCATEGORIA,forestal,podadoras-altura,,podadoras-altura,PODADORAS ALTURA,podadoras-altura,"Especialistas en podadoras altura en Torrijos, Toledo - Madrid",true,,,,,,"PODADORAS ALTURA | FORESTAL | Torrijos, Toledo","Especialistas en podadoras altura en Torrijos, Toledo. Alquiler, reparación y venta de podadoras altura profesionales.",,,
SUBCATEGORIA,forestal,desbrozadoras,,desbrozadoras,DESBROZADORAS,desbrozadoras,"Especialistas en desbrozadoras en Torrijos, Toledo - Madrid",true,,,,,,"DESBROZADORAS | FORESTAL | Torrijos, Toledo","Especialistas en desbrozadoras en Torrijos, Toledo. Alquiler, reparación y venta de desbrozadoras profesionales.",,,
SUBCATEGORIA,forestal,ahoyador,,ahoyador,AHOYADOR,ahoyador,"Especialistas en ahoyador en Torrijos, Toledo - Madrid",true,,,,,,"AHOYADOR | FORESTAL | Torrijos, Toledo","Especialistas en ahoyador en Torrijos, Toledo. Alquiler, reparación y venta de ahoyador profesionales.",,,
SUBCATEGORIA,forestal,destoconador,,destoconador,DESTOCONADOR,destoconador,"Especialistas en destoconador en Torrijos, Toledo - Madrid",false,,,,,,"DESTOCONADOR | FORESTAL | Torrijos, Toledo","Especialistas en destoconador en Torrijos, Toledo. Alquiler, reparación y venta de destoconador profesionales.",,,
SUBCATEGORIA,forestal,carretilla-orugas,,carretilla-orugas,CARRETILLA ORUGAS,carretilla-orugas,"Especialistas en carretilla orugas en Torrijos, Toledo - Madrid",false,,,,,,"CARRETILLA ORUGAS | FORESTAL | Torrijos, Toledo","Especialistas en carretilla orugas en Torrijos, Toledo. Alquiler, reparación y venta de carretilla orugas profesionales.",,,
SUBCATEGORIA,forestal,vareadores,,vareadores,VAREADORES,vareadores,"Especialistas en vareadores en Torrijos, Toledo - Madrid",true,,,,,,"VAREADORES | FORESTAL | Torrijos, Toledo","Especialistas en vareadores en Torrijos, Toledo. Alquiler, reparación y venta de vareadores profesionales.",,,
SUBCATEGORIA,forestal,biotrituradoras,,biotrituradoras,BIOTRITURADORAS,biotrituradoras,"Especialistas en biotrituradoras en Torrijos, Toledo - Madrid",true,,,,,,"BIOTRITURADORAS | FORESTAL | Torrijos, Toledo","Especialistas en biotrituradoras en Torrijos, Toledo. Alquiler, reparación y venta de biotrituradoras profesionales.",,,
CATEGORIA,construccion,,,construccion,CONSTRUCCION,construccion,"Alquiler, reparación y venta de maquinaria de construccion en Torrijos, Toledo - Madrid",,,,,,,"CONSTRUCCION | Alquiler, Reparación, Venta | Torrijos, Toledo","Especialistas en construccion en Torrijos, Toledo. Alquiler, reparación y venta de maquinaria profesional para obras y construcción.",,,
SUBCATEGORIA,construccion,hormigoneras,,hormigoneras,HORMIGONERAS,hormigoneras,"Especialistas en hormigoneras en Torrijos, Toledo - Madrid",true,,,,,,"HORMIGONERAS | CONSTRUCCION | Torrijos, Toledo","Especialistas en hormigoneras en Torrijos, Toledo. Alquiler, reparación y venta de hormigoneras profesionales.",,,
SUBCATEGORIA,construccion,rozadoras,,rozadoras,ROZADORAS,rozadoras,"Especialistas en rozadoras en Torrijos, Toledo - Madrid",true,,,,,,"ROZADORAS | CONSTRUCCION | Torrijos, Toledo","Especialistas en rozadoras en Torrijos, Toledo. Alquiler, reparación y venta de rozadoras profesionales.",,,
SUBCATEGORIA,construccion,pulidoras-de-terrazo,,pulidoras-de-terrazo,PULIDORAS DE TERRAZO,pulidoras-de-terrazo,"Especialistas en pulidoras de terrazo en Torrijos, Toledo - Madrid",true,,,,,,"PULIDORAS DE TERRAZO | CONSTRUCCION | Torrijos, Toledo","Especialistas en pulidoras de terrazo en Torrijos, Toledo. Alquiler, reparación y venta de pulidoras de terrazo profesionales.",,,
SUBCATEGORIA,construccion,pulidora-peldaos,,pulidora-peldaos,PULIDORA PELDAÑOS,pulidora-peldaos,"Especialistas en pulidora peldaños en Torrijos, Toledo - Madrid",false,,,,,,"PULIDORA PELDAÑOS | CONSTRUCCION | Torrijos, Toledo","Especialistas en pulidora peldaños en Torrijos, Toledo. Alquiler, reparación y venta de pulidora peldaños profesionales.",,,
SUBCATEGORIA,construccion,radiales,,radiales,RADIALES,radiales,"Especialistas en radiales en Torrijos, Toledo - Madrid",true,,,,,,"RADIALES | CONSTRUCCION | Torrijos, Toledo","Especialistas en radiales en Torrijos, Toledo. Alquiler, reparación y venta de radiales profesionales.",,,
SUBCATEGORIA,construccion,taladros,,taladros,TALADROS,taladros,"Especialistas en taladros en Torrijos, Toledo - Madrid",true,,,,,,"TALADROS | CONSTRUCCION | Torrijos, Toledo","Especialistas en taladros en Torrijos, Toledo. Alquiler, reparación y venta de taladros profesionales.",,,
SUBCATEGORIA,construccion,tronzadora-agua,,tronzadora-agua,TRONZADORA AGUA,tronzadora-agua,"Especialistas en tronzadora agua en Torrijos, Toledo - Madrid",true,,,,,,"TRONZADORA AGUA | CONSTRUCCION | Torrijos, Toledo","Especialistas en tronzadora agua en Torrijos, Toledo. Alquiler, reparación y venta de tronzadora agua profesionales.",,,
SUBCATEGORIA,construccion,tronzadora-madera,,tronzadora-madera,TRONZADORA MADERA,tronzadora-madera,"Especialistas en tronzadora madera en Torrijos, Toledo - Madrid",true,,,,,,"TRONZADORA MADERA | CONSTRUCCION | Torrijos, Toledo","Especialistas en tronzadora madera en Torrijos, Toledo. Alquiler, reparación y venta de tronzadora madera profesionales.",,,
SUBCATEGORIA,construccion,cortador-azulejos,,cortador-azulejos,CORTADOR AZULEJOS,cortador-azulejos,"Especialistas en cortador azulejos en Torrijos, Toledo - Madrid",false,,,,,,"CORTADOR AZULEJOS | CONSTRUCCION | Torrijos, Toledo","Especialistas en cortador azulejos en Torrijos, Toledo. Alquiler, reparación y venta de cortador azulejos profesionales.",,,
CATEGORIA,desescombro,,,desescombro,DESESCOMBRO,desescombro,"Alquiler, reparación y venta de maquinaria de desescombro en Torrijos, Toledo - Madrid",,,,,,,"DESESCOMBRO | Alquiler, Reparación, Venta | Torrijos, Toledo","Especialistas en desescombro en Torrijos, Toledo. Alquiler, reparación y venta de maquinaria profesional para obras y construcción.",,,
SUBCATEGORIA,desescombro,dumper,,dumper,DUMPER,dumper,"Especialistas en dumper en Torrijos, Toledo - Madrid",true,,,,,,"DUMPER | DESESCOMBRO | Torrijos, Toledo","Especialistas en dumper en Torrijos, Toledo. Alquiler, reparación y venta de dumper profesionales.",,,
SUBCATEGORIA,desescombro,bajantes-de-escombro,,bajantes-de-escombro,BAJANTES DE ESCOMBRO,bajantes-de-escombro,"Especialistas en bajantes de escombro en Torrijos, Toledo - Madrid",true,,,,,,"BAJANTES DE ESCOMBRO | DESESCOMBRO | Torrijos, Toledo","Especialistas en bajantes de escombro en Torrijos, Toledo. Alquiler, reparación y venta de bajantes de escombro profesionales.",,,
SUBCATEGORIA,desescombro,minicargadora,,minicargadora,MINICARGADORA,minicargadora,"Especialistas en minicargadora en Torrijos, Toledo - Madrid",true,,,,,,"MINICARGADORA | DESESCOMBRO | Torrijos, Toledo","Especialistas en minicargadora en Torrijos, Toledo. Alquiler, reparación y venta de minicargadora profesionales.",,,
SUBCATEGORIA,desescombro,miniexcavadora,,miniexcavadora,MINIEXCAVADORA,miniexcavadora,"Especialistas en miniexcavadora en Torrijos, Toledo - Madrid",true,,,,,,"MINIEXCAVADORA | DESESCOMBRO | Torrijos, Toledo","Especialistas en miniexcavadora en Torrijos, Toledo. Alquiler, reparación y venta de miniexcavadora profesionales.",,,
MAQUINA,aire-comprimido,compresores,compresor-aire-diesel,compresor-aire-diesel,Compresor Aire Diesel,compresor-aire-diesel,"Compresor Aire Diesel profesional para obras y construcción en Torrijos, Toledo.",,aire-comprimido/compresores/compresor-aire-diesel.jpg,"Compresor Aire Diesel - COMPRESORES. Alquiler en Torrijos, Toledo.","{""motor"":""diesel""}","{""alquiler"":true,""reparacion"":true,""venta"":true}",alquiler; reparacion; venta; compresor; aire; diesel; aire comprimido; compresores; torrijos; toledo,"Compresor Aire Diesel diesel | COMPRESORES | Torrijos, Toledo","Alquiler de compresor aire diesel en Torrijos, Toledo. Diesel. Especialistas en compresores para profesionales. También ofrecemos reparación y venta.",,,
MAQUINA,aire-comprimido,compresores,compresor-aire-portatil,compresor-aire-portatil,Compresor Aire Portatil,compresor-aire-portatil,"Compresor Aire Portatil profesional para obras y construcción en Torrijos, Toledo.",,aire-comprimido/compresores/compresor-aire-portatil.jpg,"Compresor Aire Portatil - COMPRESORES. Alquiler en Torrijos, Toledo.","{""tipo"":""portátil""}","{""alquiler"":true,""reparacion"":true,""venta"":true}",alquiler; reparacion; venta; compresor; aire; portatil; aire comprimido; compresores; portátil; torrijos,"Compresor Aire Portatil portátil | COMPRESORES | Torrijos, Toledo","Alquiler de compresor aire portatil en Torrijos, Toledo. Portátil. Especialistas en compresores para profesionales. También ofrecemos reparación y venta.",,,
MAQUINA,compactacion,pison-compactador,pison-compactador,pison-compactador,Pison Compactador,pison-compactador,"Pison Compactador profesional para obras y construcción en Torrijos, Toledo.",,compactacion/pison-compactador/pison-compactador.jpg,"Pison Compactador - PISON COMPACTADOR. Alquiler en Torrijos, Toledo.",{},"{""alquiler"":true,""reparacion"":true,""venta"":true}",alquiler; reparacion; venta; pison; compactador; compactacion; pison compactador; torrijos; toledo; madrid,"Pison Compactador | PISON COMPACTADOR | Torrijos, Toledo","Alquiler de pison compactador en Torrijos, Toledo. Especialistas en pison compactador para profesionales. También ofrecemos reparación y venta.",,,
MAQUINA,compactacion,bandeja-vibrante,bandeja-vibrante-compactadora,bandeja-vibrante-compactadora,Bandeja Vibrante Compactadora,bandeja-vibrante-compactadora,"Bandeja Vibrante Compactadora profesional para obras y construcción en Torrijos, Toledo.",,compactacion/bandeja-vibrante/bandeja-vibrante-compactadora.jpg,"Bandeja Vibrante Compactadora - BANDEJA VIBRANTE. Alquiler en Torrijos, Toledo.",{},"{""alquiler"":true,""reparacion"":true,""venta"":true}",alquiler; reparacion; venta; bandeja; vibrante; compactadora; compactacion; bandeja vibrante; torrijos; toledo,"Bandeja Vibrante Compactadora | BANDEJA VIBRANTE | Torrijos, Toledo","Alquiler de bandeja vibrante compactadora en Torrijos, Toledo. Especialistas en bandeja vibrante para profesionales. También ofrecemos reparación y venta.",,,
MAQUINA,vibracion,convertidor-af,convertidor-af,convertidor-af,Convertidor Af,convertidor-af,"Convertidor Af profesional para obras y construcción en Torrijos, Toledo.",,vibracion/convertidor-af/convertidor-af.jpg,"Convertidor Af para alquiler en Torrijos, Toledo",{},"{""alquiler"":true,""reparacion"":true,""venta"":true}",,,,,,
MAQUINA,vibracion,aguja-convertidor-af,aguja-alta-frecuencia,aguja-alta-frecuencia,Aguja Alta Frecuencia,aguja-alta-frecuencia,"Aguja Alta Frecuencia profesional para obras y construcción en Torrijos, Toledo.",,vibracion/aguja-convertidor-af/aguja-alta-frecuencia.jpg,"Aguja Alta Frecuencia para alquiler en Torrijos, Toledo","{""frecuencia"":""alta""}","{""alquiler"":true,""reparacion"":true,""venta"":true}",,,,,,
MAQUINA,vibracion,vibrador-aguja,vibrador-hormigon,vibrador-hormigon,Vibrador Hormigon,vibrador-hormigon,"Vibrador Hormigon profesional para obras y construcción en Torrijos, Toledo.",,vibracion/vibrador-aguja/vibrador-hormigon.jpg,"Vibrador Hormigon - VIBRADOR AGUJA. Alquiler en Torrijos, Toledo.",{},"{""alquiler"":true,""reparacion"":true,""venta"":true}",alquiler; reparacion; venta; vibrador; hormigon; vibracion; vibrador aguja; torrijos; toledo; madrid,"Vibrador Hormigon | VIBRADOR AGUJA | Torrijos, Toledo","Alquiler de vibrador hormigon en Torrijos, Toledo. Especialistas en vibrador aguja para profesionales. También ofrecemos reparación y venta.",,,
MAQUINA,vibracion,regla-vibroextendedora,regla-vibroextendedora,regla-vibroextendedora,Regla Vibroextendedora,regla-vibroextendedora,"Regla Vibroextendedora profesional para obras y construcción en Torrijos, Toledo.",,vibracion/regla-vibroextendedora/regla-vibroextendedora.jpg,"Regla Vibroextendedora - REGLA VIBROEXTENDEDORA. Alquiler en Torrijos, Toledo.",{},"{""alquiler"":true,""reparacion"":true,""venta"":true}",alquiler; reparacion; venta; regla; vibroextendedora; vibracion; regla vibroextendedora; torrijos; toledo; madrid,"Regla Vibroextendedora | REGLA VIBROEXTENDEDORA | Torrijos, Toledo","Alquiler de regla vibroextendedora en Torrijos, Toledo. Especialistas en regla vibroextendedora para profesionales. También ofrecemos reparación y venta.",,,
MAQUINA,energia,canon-calor,canon-calor-infrarrojos,canon-calor-infrarrojos,Canon Calor Infrarrojos,canon-calor-infrarrojos,"Canon Calor Infrarrojos profesional para obras y construcción en Torrijos, Toledo.",,energia/canon-calor/canon-calor-infrarrojos.jpg,"Canon Calor Infrarrojos para alquiler en Torrijos, Toledo","{""tecnologia"":""infrarrojos""}","{""alquiler"":true,""reparacion"":true,""venta"":true}",,,,,,
MAQUINA,energia,canon-calor,canon-secador,canon-secador,Canon Secador,canon-secador,"Canon Secador profesional para obras y construcción en Torrijos, Toledo.",,energia/canon-calor/canon-secador.jpg,"Canon Secador para alquiler en Torrijos, Toledo",{},"{""alquiler"":true,""reparacion"":true,""venta"":true}",,,,,,
MAQUINA,demolicion,martillos-demoledores,martillo-demoledor-16-kg,martillo-demoledor-16-kg,Martillo Demoledor 16 Kg,martillo-demoledor-16-kg,"Martillo Demoledor 16 Kg profesional para obras y construcción en Torrijos, Toledo.",,demolicion/martillos-demoledores/martillo-demoledor-16-kg.jpg,"Martillo Demoledor 16 Kg - MARTILLOS DEMOLEDORES. Alquiler en Torrijos, Toledo.",{},"{""alquiler"":true,""reparacion"":true,""venta"":true}",alquiler; reparacion; venta; martillo; demoledor; 16; kg; demolicion; martillos demoledores; torrijos,"Martillo Demoledor 16 Kg | MARTILLOS DEMOLEDORES | Torrijos, Toledo","Alquiler de martillo demoledor 16 kg en Torrijos, Toledo. Especialistas en martillos demoledores para profesionales. También ofrecemos reparación y venta.",,,
MAQUINA,demolicion,martillos-rompedores,martillo-rompedor-8kg,martillo-rompedor-8kg,Martillo Rompedor 8kg,martillo-rompedor-8kg,"Martillo Rompedor 8kg profesional para obras y construcción en Torrijos, Toledo.",,demolicion/martillos-rompedores/martillo-rompedor-8kg.jpg,"Martillo Rompedor 8kg - MARTILLOS ROMPEDORES. Alquiler en Torrijos, Toledo.","{""peso"":""8kg""}","{""alquiler"":true,""reparacion"":true,""venta"":true}",alquiler; reparacion; venta; martillo; rompedor; 8kg; demolicion; martillos rompedores; torrijos; toledo,"Martillo Rompedor 8kg 8kg | MARTILLOS ROMPEDORES | Torrijos, Toledo","Alquiler de martillo rompedor 8kg en Torrijos, Toledo. 8kg. Especialistas en martillos rompedores para profesionales. También ofrecemos reparación y venta.",,,
MAQUINA,demolicion,martillos-perforadores,martillo-rotativo-10kg,martillo-rotativo-10kg,Martillo Rotativo 10kg,martillo-rotativo-10kg,"Martillo Rotativo 10kg profesional para obras y construcción en Torrijos, Toledo.",,demolicion/martillos-perforadores/martillo-rotativo-10kg.jpg,"Martillo Rotativo 10kg - MARTILLOS PERFORADORES. Alquiler en Torrijos, Toledo.","{""peso"":""10kg""}","{""alquiler"":true,""reparacion"":true,""venta"":true}",alquiler; reparacion; venta; martillo; rotativo; 10kg; demolicion; martillos perforadores; torrijos; toledo,"Martillo Rotativo 10kg 10kg | MARTILLOS PERFORADORES | Torrijos, Toledo","Alquiler de martillo rotativo 10kg en Torrijos, Toledo. 10kg. Especialistas en martillos perforadores para profesionales. También ofrecemos reparación y venta.",,,
MAQUINA,demolicion,martillos-perforadores,martillo-rotativo-3kg,martillo-rotativo-3kg,Martillo Rotativo 3kg,martillo-rotativo-3kg,"Martillo Rotativo 3kg profesional para obras y construcción en Torrijos, Toledo.",,demolicion/martillos-perforadores/martillo-rotativo-3kg.jpg,"Martillo Rotativo 3kg - MARTILLOS PERFORADORES. Alquiler en Torrijos, Toledo.","{""peso"":""3kg""}","{""alquiler"":true,""reparacion"":true,""venta"":true}",alquiler; reparacion; venta; martillo; rotativo; 3kg; demolicion; martillos perforadores; torrijos; toledo,"Martillo Rotativo 3kg 3kg | MARTILLOS PERFORADORES | Torrijos, Toledo","Alquiler de martillo rotativo 3kg en Torrijos, Toledo. 3kg. Especialistas en martillos perforadores para profesionales. También ofrecemos reparación y venta.",,,
MAQUINA,aire-comprimido,martillos-neumaticos,martillo-neumatico-10kg,martillo-neumatico-10kg,Martillo Neumatico 10kg,martillo-neumatico-10kg,"Martillo Neumatico 10kg profesional para obras y construcción en Torrijos, Toledo.",,aire-comprimido/martillos-neumaticos/martillo-neumatico-10kg.jpg,"Martillo Neumatico 10kg - MARTILLOS NEUMATICOS. Alquiler en Torrijos, Toledo.","{""peso"":""10kg""}","{""alquiler"":true,""reparacion"":true,""venta"":true}",alquiler; reparacion; venta; martillo; neumatico; 10kg; aire comprimido; martillos neumaticos; torrijos; toledo,"Martillo Neumatico 10kg 10kg | MARTILLOS NEUMATICOS | Torrijos, Toledo","Alquiler de martillo neumatico 10kg en Torrijos, Toledo. 10kg. Especialistas en martillos neumaticos para profesionales. También ofrecemos reparación y venta.",,,
MAQUINA,aire-comprimido,martillos-neumaticos,martillo-neumatico-25kg,martillo-neumatico-25kg,Martillo Neumatico 25kg,martillo-neumatico-25kg,"Martillo Neumatico 25kg profesional para obras y construcción en Torrijos, Toledo.",,aire-comprimido/martillos-neumaticos/martillo-neumatico-25kg.jpg,"Martillo Neumatico 25kg - MARTILLOS NEUMATICOS. Alquiler en Torrijos, Toledo.","{""peso"":""25kg""}","{""alquiler"":true,""reparacion"":true,""venta"":true}",alquiler; reparacion; venta; martillo; neumatico; 25kg; aire comprimido; martillos neumaticos; torrijos; toledo,"Martillo Neumatico 25kg 25kg | MARTILLOS NEUMATICOS | Torrijos, Toledo","Alquiler de martillo neumatico 25kg en Torrijos, Toledo. 25kg. Especialistas en martillos neumaticos para profesionales. También ofrecemos reparación y venta.",,,
MAQUINA,aire-comprimido,cinceladores-neumaticos,2-martillo-neumatico-cincelador-25kg,2-martillo-neumatico-cincelador-25kg,2 Martillo Neumatico Cincelador 2.5kg,2-martillo-neumatico-cincelador-25kg,"2 Martillo Neumatico Cincelador 2.5kg profesional para obras y construcción en Torrijos, Toledo.",,aire-comprimido/cinceladores-neumaticos/2-martillo-neumatico-cincelador-2.5kg.jpg,"2 Martillo Neumatico Cincelador 2.5kg para alquiler en Torrijos, Toledo","{""peso"":""5kg""}","{""alquiler"":true,""reparacion"":true,""venta"":true}",,,,,,
MAQUINA,aire-comprimido,martillos-neumaticos,martillo-neumatico-5kg,martillo-neumatico-5kg,Martillo Neumatico 5kg,martillo-neumatico-5kg,"Martillo Neumatico 5kg profesional para obras y construcción en Torrijos, Toledo.",,aire-comprimido/martillos-neumaticos/martillo-neumatico-5kg.jpg,"Martillo Neumatico 5kg - MARTILLOS NEUMATICOS. Alquiler en Torrijos, Toledo.","{""peso"":""5kg""}","{""alquiler"":true,""reparacion"":true,""venta"":true}",alquiler; reparacion; venta; martillo; neumatico; 5kg; aire comprimido; martillos neumaticos; torrijos; toledo,"Martillo Neumatico 5kg 5kg | MARTILLOS NEUMATICOS | Torrijos, Toledo","Alquiler de martillo neumatico 5kg en Torrijos, Toledo. 5kg. Especialistas en martillos neumaticos para profesionales. También ofrecemos reparación y venta.",,,
MAQUINA,limpieza,hidrolimpiadoras,hidrolimpiadora-gasolina-250bar,hidrolimpiadora-gasolina-250bar,Hidrolimpiadora Gasolina 250bar,hidrolimpiadora-gasolina-250bar,"Hidrolimpiadora Gasolina 250bar profesional para obras y construcción en Torrijos, Toledo.",,limpieza/hidrolimpiadoras/hidrolimpiadora-gasolina-250bar.jpg,"Hidrolimpiadora Gasolina 250bar - HIDROLIMPIADORAS. Alquiler en Torrijos, Toledo.","{""presion"":""250bar"",""motor"":""gasolina""}","{""alquiler"":true,""reparacion"":true,""venta"":true}",alquiler; reparacion; venta; hidrolimpiadora; gasolina; 250bar; limpieza; hidrolimpiadoras; torrijos; toledo,"Hidrolimpiadora Gasolina 250bar 250bar | HIDROLIMPIADORAS | Torrijos, Toledo","Alquiler de hidrolimpiadora gasolina 250bar en Torrijos, Toledo. 250bar, gasolina. Especialistas en hidrolimpiadoras para profesionales. También ofrecemos reparación y venta.",,,
MAQUINA,limpieza,hidrolimpiadoras,hidrolimpiadora-monofasica-180bar,hidrolimpiadora-monofasica-180bar,Hidrolimpiadora Monofasica 180bar,hidrolimpiadora-monofasica-180bar,"Hidrolimpiadora Monofasica 180bar profesional para obras y construcción en Torrijos, Toledo.",,limpieza/hidrolimpiadoras/hidrolimpiadora-monofasica-180bar.jpg,"Hidrolimpiadora Monofasica 180bar - HIDROLIMPIADORAS. Alquiler en Torrijos, Toledo.","{""presion"":""180bar"",""motor"":""electrico""}","{""alquiler"":true,""reparacion"":true,""venta"":true}",alquiler; reparacion; venta; hidrolimpiadora; monofasica; 180bar; limpieza; hidrolimpiadoras; electrico; torrijos,"Hidrolimpiadora Monofasica 180bar 180bar | HIDROLIMPIADORAS | Torrijos, Toledo","Alquiler de hidrolimpiadora monofasica 180bar en Torrijos, Toledo. 180bar, electrico. Especialistas en hidrolimpiadoras para profesionales. También ofrecemos reparación y venta.",,,
MAQUINA,limpieza,barredoras,barredora-autopropulsada,barredora-autopropulsada,Barredora Autopropulsada,barredora-autopropulsada,"Barredora Autopropulsada profesional para obras y construcción en Torrijos, Toledo.",,limpieza/barredoras/barredora-autopropulsada.jpg,"Barredora Autopropulsada - BARREDORAS. Alquiler en Torrijos, Toledo.",{},"{""alquiler"":true,""reparacion"":true,""venta"":true}",alquiler; reparacion; venta; barredora; autopropulsada; limpieza; barredoras; torrijos; toledo; madrid,"Barredora Autopropulsada | BARREDORAS | Torrijos, Toledo","Alquiler de barredora autopropulsada en Torrijos, Toledo. Especialistas en barredoras para profesionales. También ofrecemos reparación y venta.",,,
MAQUINA,limpieza,fregadoras,fregadora-autopropulsada,fregadora-autopropulsada,Fregadora Autopropulsada,fregadora-autopropulsada,"Fregadora Autopropulsada profesional para obras y construcción en Torrijos, Toledo.",,limpieza/fregadoras/fregadora-autopropulsada.jpg,"Fregadora Autopropulsada - FREGADORAS. Alquiler en Torrijos, Toledo.",{},"{""alquiler"":true,""reparacion"":true,""venta"":true}",alquiler; reparacion; venta; fregadora; autopropulsada; limpieza; fregadoras; torrijos; toledo; madrid,"Fregadora Autopropulsada | FREGADORAS | Torrijos, Toledo","Alquiler de fregadora autopropulsada en Torrijos, Toledo. Especialistas en fregadoras para profesionales. También ofrecemos reparación y venta.",,,
MAQUINA,limpieza,bombas-drenaje,motobomba-aguas-sucias,motobomba-aguas-sucias,Motobomba Aguas Sucias,motobomba-aguas-sucias,"Motobomba Aguas Sucias profesional para obras y construcción en Torrijos, Toledo.",,limpieza/bombas-drenaje/motobomba-aguas-sucias.jpg,"Motobomba Aguas Sucias - BOMBAS DRENAJE. Alquiler en Torrijos, Toledo.",{},"{""alquiler"":true,""reparacion"":true,""venta"":true}",alquiler; reparacion; venta; motobomba; aguas; sucias; limpieza; bombas drenaje; torrijos; toledo,"Motobomba Aguas Sucias | BOMBAS DRENAJE | Torrijos, Toledo","Alquiler de motobomba aguas sucias en Torrijos, Toledo. Especialistas en bombas drenaje para profesionales. También ofrecemos reparación y venta.",,,
MAQUINA,limpieza,bombas-aguas-residuales,bomba-sumergible-aguas-sucias,bomba-sumergible-aguas-sucias,Bomba Sumergible Aguas Sucias,bomba-sumergible-aguas-sucias,"Bomba Sumergible Aguas Sucias profesional para obras y construcción en Torrijos, Toledo.",,limpieza/bombas-aguas-residuales/bomba-sumergible-aguas-sucias.jpg,"Bomba Sumergible Aguas Sucias - BOMBAS AGUAS RESIDUALES. Alquiler en Torrijos, Toledo.",{},"{""alquiler"":true,""reparacion"":true,""venta"":true}",alquiler; reparacion; venta; bomba; sumergible; aguas; sucias; limpieza; bombas aguas residuales; torrijos,"Bomba Sumergible Aguas Sucias | BOMBAS AGUAS RESIDUALES | Torrijos, Toledo","Alquiler de bomba sumergible aguas sucias en Torrijos, Toledo. Especialistas en bombas aguas residuales para profesionales. También ofrecemos reparación y venta.",,,
MAQUINA,limpieza,bombas-aguas-limpias,bomba-aguas-limpias,bomba-aguas-limpias,Bomba Aguas Limpias,bomba-aguas-limpias,"Bomba Aguas Limpias profesional para obras y construcción en Torrijos, Toledo.",,limpieza/bombas-aguas-limpias/bomba-aguas-limpias.jpg,"Bomba Aguas Limpias - BOMBAS AGUAS LIMPIAS. Alquiler en Torrijos, Toledo.",{},"{""alquiler"":true,""reparacion"":true,""venta"":true}",alquiler; reparacion; venta; bomba; aguas; limpias; limpieza; bombas aguas limpias; torrijos; toledo,"Bomba Aguas Limpias | BOMBAS AGUAS LIMPIAS | Torrijos, Toledo","Alquiler de bomba aguas limpias en Torrijos, Toledo. Especialistas en bombas aguas limpias para profesionales. También ofrecemos reparación y venta.",,,
MAQUINA,demolicion,fresadoras-de-hormigon,cortadora-de-juntas,cortadora-de-juntas,Cortadora De Juntas,cortadora-de-juntas,"Cortadora De Juntas profesional para obras y construcción en Torrijos, Toledo.",,demolicion/fresadoras-de-hormigon/cortadora-de-juntas.jpg,"Cortadora De Juntas - FRESADORAS DE HORMIGON. Alquiler en Torrijos, Toledo.",{},"{""alquiler"":true,""reparacion"":true,""venta"":true}",alquiler; reparacion; venta; cortadora; de; juntas; demolicion; fresadoras de hormigon; torrijos; toledo,"Cortadora De Juntas | FRESADORAS DE HORMIGON | Torrijos, Toledo","Alquiler de cortadora de juntas en Torrijos, Toledo. Especialistas en fresadoras de hormigon para profesionales. También ofrecemos reparación y venta.",,,
MAQUINA,construccion,rozadoras,rozadora-de-discos,rozadora-de-discos,Rozadora De Discos,rozadora-de-discos,"Rozadora De Discos profesional para obras y construcción en Torrijos, Toledo.",,construccion/rozadoras/rozadora-de-discos.jpg,"Rozadora De Discos - ROZADORAS. Alquiler en Torrijos, Toledo.",{},"{""alquiler"":true,""reparacion"":true,""venta"":true}",alquiler; reparacion; venta; rozadora; de; discos; construccion; rozadoras; torrijos; toledo,"Rozadora De Discos | ROZADORAS | Torrijos, Toledo","Alquiler de rozadora de discos en Torrijos, Toledo. Especialistas en rozadoras para profesionales. También ofrecemos reparación y venta.",,,
MAQUINA,construccion,rozadoras,rozadora-fresa,rozadora-fresa,Rozadora Fresa,rozadora-fresa,"Rozadora Fresa profesional para obras y construcción en Torrijos, Toledo.",,construccion/rozadoras/rozadora-fresa.jpg,"Rozadora Fresa - ROZADORAS. Alquiler en Torrijos, Toledo.",{},"{""alquiler"":true,""reparacion"":true,""venta"":true}",alquiler; reparacion; venta; rozadora; fresa; construccion; rozadoras; torrijos; toledo; madrid,"Rozadora Fresa | ROZADORAS | Torrijos, Toledo","Alquiler de rozadora fresa en Torrijos, Toledo. Especialistas en rozadoras para profesionales. También ofrecemos reparación y venta.",,,
MAQUINA,construccion,hormigoneras,hormigonera-200-lts,hormigonera-200-lts,Hormigonera 200 Lts,hormigonera-200-lts,"Hormigonera 200 Lts profesional para obras y construcción en Torrijos, Toledo.",,construccion/hormigoneras/hormigonera-200-lts.jpg,"Hormigonera 200 Lts - HORMIGONERAS. Alquiler en Torrijos, Toledo.",{},"{""alquiler"":true,""reparacion"":true,""venta"":true}",alquiler; reparacion; venta; hormigonera; 200; lts; construccion; hormigoneras; torrijos; toledo,"Hormigonera 200 Lts | HORMIGONERAS | Torrijos, Toledo","Alquiler de hormigonera 200 lts en Torrijos, Toledo. Especialistas en hormigoneras para profesionales. También ofrecemos reparación y venta.",,,
MAQUINA,construccion,hormigoneras,hormigonera-desmontable-silenciosa-140lt,hormigonera-desmontable-silenciosa-140lt,Hormigonera Desmontable Silenciosa 140lt,hormigonera-desmontable-silenciosa-140lt,"Hormigonera Desmontable Silenciosa 140lt profesional para obras y construcción en Torrijos, Toledo.",,construccion/hormigoneras/hormigonera-desmontable-silenciosa-140lt.jpg,"Hormigonera Desmontable Silenciosa 140lt - HORMIGONERAS. Alquiler en Torrijos, Toledo.","{""capacidad"":""140L""}","{""alquiler"":true,""reparacion"":true,""venta"":true}",alquiler; reparacion; venta; hormigonera; desmontable; silenciosa; 140lt; construccion; hormigoneras; 140l,"Hormigonera Desmontable Silenciosa 140lt 140L | HORMIGONERAS | Torrijos, Toledo","Alquiler de hormigonera desmontable silenciosa 140lt en Torrijos, Toledo. 140L. Especialistas en hormigoneras para profesionales. También ofrecemos reparación y venta.",,,
MAQUINA,construccion,taladros,lijadora-pared,lijadora-pared,Lijadora Pared,lijadora-pared,"Lijadora Pared profesional para obras y construcción en Torrijos, Toledo.",,construccion/taladros/lijadora-pared.jpg,"Lijadora Pared - TALADROS. Alquiler en Torrijos, Toledo.",{},"{""alquiler"":true,""reparacion"":true,""venta"":true}",alquiler; reparacion; venta; lijadora; pared; construccion; taladros; torrijos; toledo; madrid,"Lijadora Pared | TALADROS | Torrijos, Toledo","Alquiler de lijadora pared en Torrijos, Toledo. Especialistas en taladros para profesionales. También ofrecemos reparación y venta.",,,
MAQUINA,construccion,tronzadora-madera,mesa-corte-madera,mesa-corte-madera,Mesa Corte Madera,mesa-corte-madera,"Mesa Corte Madera profesional para obras y construcción en Torrijos, Toledo.",,construccion/tronzadora-madera/mesa-corte-madera.jpg,"Mesa Corte Madera - TRONZADORA MADERA. Alquiler en Torrijos, Toledo.",{},"{""alquiler"":true,""reparacion"":true,""venta"":true}",alquiler; reparacion; venta; mesa; corte; madera; construccion; tronzadora madera; torrijos; toledo,"Mesa Corte Madera | TRONZADORA MADERA | Torrijos, Toledo","Alquiler de mesa corte madera en Torrijos, Toledo. Especialistas en tronzadora madera para profesionales. También ofrecemos reparación y venta.",,,
MAQUINA,construccion,tronzadora-agua,tronzadora-agua,tronzadora-agua,Tronzadora Agua,tronzadora-agua,"Tronzadora Agua profesional para obras y construcción en Torrijos, Toledo.",,construccion/tronzadora-agua/tronzadora-agua.jpg,"Tronzadora Agua - TRONZADORA AGUA. Alquiler en Torrijos, Toledo.",{},"{""alquiler"":true,""reparacion"":true,""venta"":true}",alquiler; reparacion; venta; tronzadora; agua; construccion; tronzadora agua; torrijos; toledo; madrid,"Tronzadora Agua | TRONZADORA AGUA | Torrijos, Toledo","Alquiler de tronzadora agua en Torrijos, Toledo. Especialistas en tronzadora agua para profesionales. También ofrecemos reparación y venta.",,,
MAQUINA,demolicion,cortadoras-de-gasolina,cortadora-gasolina,cortadora-gasolina,Cortadora Gasolina,cortadora-gasolina,"Cortadora Gasolina profesional para obras y construcción en Torrijos, Toledo.",,demolicion/cortadoras-de-gasolina/cortadora-gasolina.jpg,"Cortadora Gasolina - CORTADORAS DE GASOLINA. Alquiler en Torrijos, Toledo.","{""motor"":""gasolina""}","{""alquiler"":true,""reparacion"":true,""venta"":true}",alquiler; reparacion; venta; cortadora; gasolina; demolicion; cortadoras de gasolina; torrijos; toledo; madrid,"Cortadora Gasolina gasolina | CORTADORAS DE GASOLINA | Torrijos, Toledo","Alquiler de cortadora gasolina en Torrijos, Toledo. Gasolina. Especialistas en cortadoras de gasolina para profesionales. También ofrecemos reparación y venta.",,,
MAQUINA,desescombro,dumper,transpalet-manual-2500kg,transpalet-manual-2500kg,Transpalet Manual 2500kg,transpalet-manual-2500kg,"Transpalet Manual 2500kg profesional para obras y construcción en Torrijos, Toledo.",,desescombro/dumper/transpalet-manual-2500kg.jpg,"Transpalet Manual 2500kg - DUMPER. Alquiler en Torrijos, Toledo.","{""peso"":""2500kg""}","{""alquiler"":true,""reparacion"":true,""venta"":true}",alquiler; reparacion; venta; transpalet; manual; 2500kg; desescombro; dumper; torrijos; toledo,"Transpalet Manual 2500kg 2500kg | DUMPER | Torrijos, Toledo","Alquiler de transpalet manual 2500kg en Torrijos, Toledo. 2500kg. Especialistas en dumper para profesionales. También ofrecemos reparación y venta.",,,
MAQUINA,desescombro,dumper,carretilla-almacen,carretilla-almacen,Carretilla Almacen,carretilla-almacen,"Carretilla Almacen profesional para obras y construcción en Torrijos, Toledo.",,desescombro/dumper/carretilla-almacen.jpg,"Carretilla Almacen - DUMPER. Alquiler en Torrijos, Toledo.",{},"{""alquiler"":true,""reparacion"":true,""venta"":true}",alquiler; reparacion; venta; carretilla; almacen; desescombro; dumper; torrijos; toledo; madrid,"Carretilla Almacen | DUMPER | Torrijos, Toledo","Alquiler de carretilla almacen en Torrijos, Toledo. Especialistas en dumper para profesionales. También ofrecemos reparación y venta.",,,
MAQUINA,desescombro,dumper,minidumper-gasolina,minidumper-gasolina,Minidumper Gasolina,minidumper-gasolina,"Minidumper Gasolina profesional para obras y construcción en Torrijos, Toledo.",,desescombro/dumper/minidumper-gasolina.jpg,"Minidumper Gasolina - DUMPER. Alquiler en Torrijos, Toledo.","{""motor"":""gasolina""}","{""alquiler"":true,""reparacion"":true,""venta"":true}",alquiler; reparacion; venta; minidumper; gasolina; desescombro; dumper; torrijos; toledo; madrid,"Minidumper Gasolina gasolina | DUMPER | Torrijos, Toledo","Alquiler de minidumper gasolina en Torrijos, Toledo. Gasolina. Especialistas en dumper para profesionales. También ofrecemos reparación y venta.",,,
MAQUINA,desescombro,dumper,dumper-descarga-frontal,dumper-descarga-frontal,Dumper Descarga Frontal,dumper-descarga-frontal,"Dumper Descarga Frontal profesional para obras y construcción en Torrijos, Toledo.",,desescombro/dumper/dumper-descarga-frontal.jpg,"Dumper Descarga Frontal - DUMPER. Alquiler en Torrijos, Toledo.",{},"{""alquiler"":true,""reparacion"":true,""venta"":true}",alquiler; reparacion; venta; dumper; descarga; frontal; desescombro; torrijos; toledo; madrid,"Dumper Descarga Frontal | DUMPER | Torrijos, Toledo","Alquiler de dumper descarga frontal en Torrijos, Toledo. Especialistas en dumper para profesionales. También ofrecemos reparación y venta.",,,
MAQUINA,elevacion,elevador-portatil-300kg,maquinillo-elevador-300kg,maquinillo-elevador-300kg,Maquinillo Elevador 300kg,maquinillo-elevador-300kg,"Maquinillo Elevador 300kg profesional para obras y construcción en Torrijos, Toledo.",,elevacion/elevador-portatil-300kg/maquinillo-elevador-300kg.jpg,"Maquinillo Elevador 300kg - ELEVADOR PORTATIL 300KG. Alquiler en Torrijos, Toledo.","{""peso"":""300kg""}","{""alquiler"":true,""reparacion"":true,""venta"":true}",alquiler; reparacion; venta; maquinillo; elevador; 300kg; elevacion; elevador portatil 300kg; torrijos; toledo,"Maquinillo Elevador 300kg 300kg | ELEVADOR PORTATIL 300KG | Torrijos, Toledo","Alquiler de maquinillo elevador 300kg en Torrijos, Toledo. 300kg. Especialistas en elevador portatil 300kg para profesionales. También ofrecemos reparación y venta.",,,
MAQUINA,desescombro,dumper,carro-chino-125lts,carro-chino-125lts,Carro Chino 125lts,carro-chino-125lts,"Carro Chino 125lts profesional para obras y construcción en Torrijos, Toledo.",,desescombro/dumper/carro-chino-125lts.jpg,"Carro Chino 125lts - DUMPER. Alquiler en Torrijos, Toledo.","{""capacidad"":""125L""}","{""alquiler"":true,""reparacion"":true,""venta"":true}",alquiler; reparacion; venta; carro; chino; 125lts; desescombro; dumper; 125l; torrijos,"Carro Chino 125lts 125L | DUMPER | Torrijos, Toledo","Alquiler de carro chino 125lts en Torrijos, Toledo. 125L. Especialistas en dumper para profesionales. También ofrecemos reparación y venta.",,,
MAQUINA,elevacion,plataforma-articulada,plataforma-articulada-18-mt-d,plataforma-articulada-18-mt-d,Plataforma Articulada 18 Mt D,plataforma-articulada-18-mt-d,"Plataforma Articulada 18 Mt D profesional para obras y construcción en Torrijos, Toledo.",,elevacion/plataforma-articulada/plataforma-articulada-18-mt-d.jpg,"Plataforma Articulada 18 Mt D - PLATAFORMA ARTICULADA. Alquiler en Torrijos, Toledo.",{},"{""alquiler"":true,""reparacion"":true,""venta"":true}",alquiler; reparacion; venta; plataforma; articulada; 18; mt; d; elevacion; plataforma articulada,"Plataforma Articulada 18 Mt D | PLATAFORMA ARTICULADA | Torrijos, Toledo","Alquiler de plataforma articulada 18 mt d en Torrijos, Toledo. Especialistas en plataforma articulada para profesionales. También ofrecemos reparación y venta.",,,
MAQUINA,elevacion,plataforma-articulada,plataforma-articulada-electrica,plataforma-articulada-electrica,Plataforma Articulada Electrica,plataforma-articulada-electrica,"Plataforma Articulada Electrica profesional para obras y construcción en Torrijos, Toledo.",,elevacion/plataforma-articulada/plataforma-articulada-electrica.jpg,"Plataforma Articulada Electrica - PLATAFORMA ARTICULADA. Alquiler en Torrijos, Toledo.","{""motor"":""electrico""}","{""alquiler"":true,""reparacion"":true,""venta"":true}",alquiler; reparacion; venta; plataforma; articulada; electrica; elevacion; plataforma articulada; electrico; torrijos,"Plataforma Articulada Electrica electrico | PLATAFORMA ARTICULADA | Torrijos, Toledo","Alquiler de plataforma articulada electrica en Torrijos, Toledo. Electrico. Especialistas en plataforma articulada para profesionales. También ofrecemos reparación y venta.",,,
MAQUINA,elevacion,plataforma-elevadora,plataforma-tijera-electrica,plataforma-tijera-electrica,Plataforma Tijera Electrica,plataforma-tijera-electrica,"Plataforma Tijera Electrica profesional para obras y construcción en Torrijos, Toledo.",,elevacion/plataforma-elevadora/plataforma-tijera-electrica.jpg,"Plataforma Tijera Electrica - PLATAFORMA ELEVADORA. Alquiler en Torrijos, Toledo.","{""motor"":""electrico""}","{""alquiler"":true,""reparacion"":true,""venta"":true}",alquiler; reparacion; venta; plataforma; tijera; electrica; elevacion; plataforma elevadora; electrico; torrijos,"Plataforma Tijera Electrica electrico | PLATAFORMA ELEVADORA | Torrijos, Toledo","Alquiler de plataforma tijera electrica en Torrijos, Toledo. Electrico. Especialistas en plataforma elevadora para profesionales. También ofrecemos reparación y venta.",,,
MAQUINA,elevacion,plataforma-elevadora,plataforma-tijera-diesel,plataforma-tijera-diesel,Plataforma Tijera Diesel,plataforma-tijera-diesel,"Plataforma Tijera Diesel profesional para obras y construcción en Torrijos, Toledo.",,elevacion/plataforma-elevadora/plataforma-tijera-diesel.jpg,"Plataforma Tijera Diesel - PLATAFORMA ELEVADORA. Alquiler en Torrijos, Toledo.","{""motor"":""diesel""}","{""alquiler"":true,""reparacion"":true,""venta"":true}",alquiler; reparacion; venta; plataforma; tijera; diesel; elevacion; plataforma elevadora; torrijos; toledo,"Plataforma Tijera Diesel diesel | PLATAFORMA ELEVADORA | Torrijos, Toledo","Alquiler de plataforma tijera diesel en Torrijos, Toledo. Diesel. Especialistas en plataforma elevadora para profesionales. También ofrecemos reparación y venta.",,,
MAQUINA,elevacion,carretillas-elevadoras,carretilla-elevadora-4x4,carretilla-elevadora-4x4,Carretilla Elevadora 4x4,carretilla-elevadora-4x4,"Carretilla Elevadora 4x4 profesional para obras y construcción en Torrijos, Toledo.",,elevacion/carretillas-elevadoras/carretilla-elevadora-4x4.jpg,"Carretilla Elevadora 4x4 - CARRETILLAS ELEVADORAS. Alquiler en Torrijos, Toledo.","{""traccion"":""4x4""}","{""alquiler"":true,""reparacion"":true,""venta"":true}",alquiler; reparacion; venta; carretilla; elevadora; 4x4; elevacion; carretillas elevadoras; torrijos; toledo,"Carretilla Elevadora 4x4 4x4 | CARRETILLAS ELEVADORAS | Torrijos, Toledo","Alquiler de carretilla elevadora 4x4 en Torrijos, Toledo. 4x4. Especialistas en carretillas elevadoras para profesionales. También ofrecemos reparación y venta.",,,
MAQUINA,energia,grupo-electrogeno,grupo-electrogeno-100-kva,grupo-electrogeno-100-kva,Grupo Electrogeno 100 Kva,grupo-electrogeno-100-kva,"Grupo Electrogeno 100 Kva profesional para obras y construcción en Torrijos, Toledo.",,energia/grupo-electrogeno/grupo-electrogeno-100-kva.jpg,"Grupo Electrogeno 100 Kva - GRUPO ELECTROGENO. Alquiler en Torrijos, Toledo.",{},"{""alquiler"":true,""reparacion"":true,""venta"":true}",alquiler; reparacion; venta; grupo; electrogeno; 100; kva; energia; grupo electrogeno; torrijos,"Grupo Electrogeno 100 Kva | GRUPO ELECTROGENO | Torrijos, Toledo","Alquiler de grupo electrogeno 100 kva en Torrijos, Toledo. Especialistas en grupo electrogeno para profesionales. También ofrecemos reparación y venta.",,,
MAQUINA,energia,grupo-electrogeno,grupo-electrogeno-40-kva,grupo-electrogeno-40-kva,Grupo Electrogeno 40 Kva,grupo-electrogeno-40-kva,"Grupo Electrogeno 40 Kva profesional para obras y construcción en Torrijos, Toledo.",,energia/grupo-electrogeno/grupo-electrogeno-40-kva.jpg,"Grupo Electrogeno 40 Kva - GRUPO ELECTROGENO. Alquiler en Torrijos, Toledo.",{},"{""alquiler"":true,""reparacion"":true,""venta"":true}",alquiler; reparacion; venta; grupo; electrogeno; 40; kva; energia; grupo electrogeno; torrijos,"Grupo Electrogeno 40 Kva | GRUPO ELECTROGENO | Torrijos, Toledo","Alquiler de grupo electrogeno 40 kva en Torrijos, Toledo. Especialistas en grupo electrogeno para profesionales. También ofrecemos reparación y venta.",,,
MAQUINA,energia,grupo-electrogeno,grupo-electrogeno-25-kva,grupo-electrogeno-25-kva,Grupo Electrogeno 25 Kva,grupo-electrogeno-25-kva,"Grupo Electrogeno 25 Kva profesional para obras y construcción en Torrijos, Toledo.",,energia/grupo-electrogeno/grupo-electrogeno-25-kva.jpg,"Grupo Electrogeno 25 Kva - GRUPO ELECTROGENO. Alquiler en Torrijos, Toledo.",{},"{""alquiler"":true,""reparacion"":true,""venta"":true}",alquiler; reparacion; venta; grupo; electrogeno; 25; kva; energia; grupo electrogeno; torrijos,"Grupo Electrogeno 25 Kva | GRUPO ELECTROGENO | Torrijos, Toledo","Alquiler de grupo electrogeno 25 kva en Torrijos, Toledo. Especialistas en grupo electrogeno para profesionales. También ofrecemos reparación y venta.",,,
MAQUINA,energia,grupo-electrogeno,grupo-electrogeno-gasolina-6-kva,grupo-electrogeno-gasolina-6-kva,Grupo Electrogeno Gasolina 6 Kva,grupo-electrogeno-gasolina-6-kva,"Grupo Electrogeno Gasolina 6 Kva profesional para obras y construcción en Torrijos, Toledo.",,energia/grupo-electrogeno/grupo-electrogeno-gasolina-6-kva.jpg,"Grupo Electrogeno Gasolina 6 Kva - GRUPO ELECTROGENO. Alquiler en Torrijos, Toledo.","{""motor"":""gasolina""}","{""alquiler"":true,""reparacion"":true,""venta"":true}",alquiler; reparacion; venta; grupo; electrogeno; gasolina; 6; kva; energia; grupo electrogeno,"Grupo Electrogeno Gasolina 6 Kva gasolina | GRUPO ELECTROGENO | Torrijos, Toledo","Alquiler de grupo electrogeno gasolina 6 kva en Torrijos, Toledo. Gasolina. Especialistas en grupo electrogeno para profesionales. También ofrecemos reparación y venta.",,,
MAQUINA,energia,grupo-electrogeno,grupo-electrogeno-3000w,grupo-electrogeno-3000w,Grupo Electrogeno 3000w,grupo-electrogeno-3000w,"Grupo Electrogeno 3000w profesional para obras y construcción en Torrijos, Toledo.",,energia/grupo-electrogeno/grupo-electrogeno-3000w.jpg,"Grupo Electrogeno 3000w - GRUPO ELECTROGENO. Alquiler en Torrijos, Toledo.","{""potencia"":""3000W""}","{""alquiler"":true,""reparacion"":true,""venta"":true}",alquiler; reparacion; venta; grupo; electrogeno; 3000w; energia; grupo electrogeno; torrijos; toledo,"Grupo Electrogeno 3000w 3000W | GRUPO ELECTROGENO | Torrijos, Toledo","Alquiler de grupo electrogeno 3000w en Torrijos, Toledo. 3000W. Especialistas en grupo electrogeno para profesionales. También ofrecemos reparación y venta.",,,
MAQUINA,jardin,zanjadora,zanjadora-gasolina,zanjadora-gasolina,Zanjadora Gasolina,zanjadora-gasolina,"Zanjadora Gasolina profesional para obras y construcción en Torrijos, Toledo.",,jardin/zanjadora/zanjadora-gasolina.jpg,"Zanjadora Gasolina - ZANJADORA. Alquiler en Torrijos, Toledo.","{""motor"":""gasolina""}","{""alquiler"":true,""reparacion"":true,""venta"":true}",alquiler; reparacion; venta; zanjadora; gasolina; jardin; torrijos; toledo; madrid,"Zanjadora Gasolina gasolina | ZANJADORA | Torrijos, Toledo","Alquiler de zanjadora gasolina en Torrijos, Toledo. Gasolina. Especialistas en zanjadora para profesionales. También ofrecemos reparación y venta.",,,
MAQUINA,forestal,desbrozadoras,desbrozadora-gasolina-para-quad,desbrozadora-gasolina-para-quad,Desbrozadora Gasolina Para Quad,desbrozadora-gasolina-para-quad,"Desbrozadora Gasolina Para Quad profesional para obras y construcción en Torrijos, Toledo.",,forestal/desbrozadoras/desbrozadora-gasolina-para-quad.jpg,"Desbrozadora Gasolina Para Quad - DESBROZADORAS. Alquiler en Torrijos, Toledo.","{""motor"":""gasolina""}","{""alquiler"":true,""reparacion"":true,""venta"":true}",alquiler; reparacion; venta; desbrozadora; gasolina; para; quad; forestal; desbrozadoras; torrijos,"Desbrozadora Gasolina Para Quad gasolina | DESBROZADORAS | Torrijos, Toledo","Alquiler de desbrozadora gasolina para quad en Torrijos, Toledo. Gasolina. Especialistas en desbrozadoras para profesionales. También ofrecemos reparación y venta.",,,
MAQUINA,forestal,desbrozadoras,desbrozadora-2t,desbrozadora-2t,Desbrozadora 2t,desbrozadora-2t,"Desbrozadora 2t profesional para obras y construcción en Torrijos, Toledo.",,forestal/desbrozadoras/desbrozadora-2t.jpg,"Desbrozadora 2t - DESBROZADORAS. Alquiler en Torrijos, Toledo.",{},"{""alquiler"":true,""reparacion"":true,""venta"":true}",alquiler; reparacion; venta; desbrozadora; 2t; forestal; desbrozadoras; torrijos; toledo; madrid,"Desbrozadora 2t | DESBROZADORAS | Torrijos, Toledo","Alquiler de desbrozadora 2t en Torrijos, Toledo. Especialistas en desbrozadoras para profesionales. También ofrecemos reparación y venta.",,,
MAQUINA,jardin,motoazadas,motoazada,motoazada,Motoazada,motoazada,"Motoazada profesional para obras y construcción en Torrijos, Toledo.",,jardin/motoazadas/motoazada.jpg,"Motoazada - MOTOAZADAS. Alquiler en Torrijos, Toledo.",{},"{""alquiler"":true,""reparacion"":true,""venta"":true}",alquiler; reparacion; venta; motoazada; jardin; motoazadas; torrijos; toledo; madrid,"Motoazada | MOTOAZADAS | Torrijos, Toledo","Alquiler de motoazada en Torrijos, Toledo. Especialistas en motoazadas para profesionales. También ofrecemos reparación y venta.",,,
MAQUINA,forestal,motosierras,motosierra-40-cm,motosierra-40-cm,Motosierra 40 Cm,motosierra-40-cm,"Motosierra 40 Cm profesional para obras y construcción en Torrijos, Toledo.",,forestal/motosierras/motosierra-40-cm.jpg,"Motosierra 40 Cm - MOTOSIERRAS. Alquiler en Torrijos, Toledo.",{},"{""alquiler"":true,""reparacion"":true,""venta"":true}",alquiler; reparacion; venta; motosierra; 40; cm; forestal; motosierras; torrijos; toledo,"Motosierra 40 Cm | MOTOSIERRAS | Torrijos, Toledo","Alquiler de motosierra 40 cm en Torrijos, Toledo. Especialistas en motosierras para profesionales. También ofrecemos reparación y venta.",,,
MAQUINA,forestal,motosierras,motosierra-de-poda,motosierra-de-poda,Motosierra De Poda,motosierra-de-poda,"Motosierra De Poda profesional para obras y construcción en Torrijos, Toledo.",,forestal/motosierras/motosierra-de-poda.jpg,"Motosierra De Poda - MOTOSIERRAS. Alquiler en Torrijos, Toledo.",{},"{""alquiler"":true,""reparacion"":true,""venta"":true}",alquiler; reparacion; venta; motosierra; de; poda; forestal; motosierras; torrijos; toledo,"Motosierra De Poda | MOTOSIERRAS | Torrijos, Toledo","Alquiler de motosierra de poda en Torrijos, Toledo. Especialistas en motosierras para profesionales. También ofrecemos reparación y venta.",,,
MAQUINA,forestal,podadoras-altura,podador-altura,podador-altura,Podador Altura,podador-altura,"Podador Altura profesional para obras y construcción en Torrijos, Toledo.",,forestal/podadoras-altura/podador-altura.jpg,"Podador Altura - PODADORAS ALTURA. Alquiler en Torrijos, Toledo.",{},"{""alquiler"":true,""reparacion"":true,""venta"":true}",alquiler; reparacion; venta; podador; altura; forestal; podadoras altura; torrijos; toledo; madrid,"Podador Altura | PODADORAS ALTURA | Torrijos, Toledo","Alquiler de podador altura en Torrijos, Toledo. Especialistas en podadoras altura para profesionales. También ofrecemos reparación y venta.",,,
MAQUINA,jardin,cortasetos-altura,cortasetos-altura,cortasetos-altura,Cortasetos Altura,cortasetos-altura,"Cortasetos Altura profesional para obras y construcción en Torrijos, Toledo.",,jardin/cortasetos-altura/cortasetos-altura.jpg,"Cortasetos Altura - CORTASETOS ALTURA. Alquiler en Torrijos, Toledo.",{},"{""alquiler"":true,""reparacion"":true,""venta"":true}",alquiler; reparacion; venta; cortasetos; altura; jardin; cortasetos altura; torrijos; toledo; madrid,"Cortasetos Altura | CORTASETOS ALTURA | Torrijos, Toledo","Alquiler de cortasetos altura en Torrijos, Toledo. Especialistas en cortasetos altura para profesionales. También ofrecemos reparación y venta.",,,
MAQUINA,jardin,cortasetos,cortasetos-doble-corte,cortasetos-doble-corte,Cortasetos Doble Corte,cortasetos-doble-corte,"Cortasetos Doble Corte profesional para obras y construcción en Torrijos, Toledo.",,jardin/cortasetos/cortasetos-doble-corte.jpg,"Cortasetos Doble Corte - CORTASETOS. Alquiler en Torrijos, Toledo.","{""corte"":""doble""}","{""alquiler"":true,""reparacion"":true,""venta"":true}",alquiler; reparacion; venta; cortasetos; doble; corte; jardin; torrijos; toledo; madrid,"Cortasetos Doble Corte doble | CORTASETOS | Torrijos, Toledo","Alquiler de cortasetos doble corte en Torrijos, Toledo. Doble. Especialistas en cortasetos para profesionales. También ofrecemos reparación y venta.",,,
MAQUINA,jardin,cortacesped,cortacesped-autopropulsado,cortacesped-autopropulsado,Cortacesped Autopropulsado,cortacesped-autopropulsado,"Cortacesped Autopropulsado profesional para obras y construcción en Torrijos, Toledo.",,jardin/cortacesped/cortacesped-autopropulsado.jpg,"Cortacesped Autopropulsado - CORTACESPED. Alquiler en Torrijos, Toledo.","{""tipo"":""autopropulsado""}","{""alquiler"":true,""reparacion"":true,""venta"":true}",alquiler; reparacion; venta; cortacesped; autopropulsado; jardin; torrijos; toledo; madrid,"Cortacesped Autopropulsado autopropulsado | CORTACESPED | Torrijos, Toledo","Alquiler de cortacesped autopropulsado en Torrijos, Toledo. Autopropulsado. Especialistas en cortacesped para profesionales. También ofrecemos reparación y venta.",,,
MAQUINA,jardin,cortacesped,cortacesped-manual,cortacesped-manual,Cortacesped Manual,cortacesped-manual,"Cortacesped Manual profesional para obras y construcción en Torrijos, Toledo.",,jardin/cortacesped/cortacesped-manual.jpg,"Cortacesped Manual - CORTACESPED. Alquiler en Torrijos, Toledo.",{},"{""alquiler"":true,""reparacion"":true,""venta"":true}",alquiler; reparacion; venta; cortacesped; manual; jardin; torrijos; toledo; madrid,"Cortacesped Manual | CORTACESPED | Torrijos, Toledo","Alquiler de cortacesped manual en Torrijos, Toledo. Especialistas en cortacesped para profesionales. También ofrecemos reparación y venta.",,,
MAQUINA,forestal,ahoyador,ahoyador,ahoyador,Ahoyador,ahoyador,"Ahoyador profesional para obras y construcción en Torrijos, Toledo.",,forestal/ahoyador/ahoyador.jpg,"Ahoyador - AHOYADOR. Alquiler en Torrijos, Toledo.",{},"{""alquiler"":true,""reparacion"":true,""venta"":true}",alquiler; reparacion; venta; ahoyador; forestal; torrijos; toledo; madrid,"Ahoyador | AHOYADOR | Torrijos, Toledo","Alquiler de ahoyador en Torrijos, Toledo. Especialistas en ahoyador para profesionales. También ofrecemos reparación y venta.",,,
MAQUINA,jardin,escarificador-cesped,escarificador-gasolina,escarificador-gasolina,Escarificador Gasolina,escarificador-gasolina,"Escarificador Gasolina profesional para obras y construcción en Torrijos, Toledo.",,jardin/escarificador-cesped/escarificador-gasolina.jpg,"Escarificador Gasolina - ESCARIFICADOR CESPED. Alquiler en Torrijos, Toledo.","{""motor"":""gasolina""}","{""alquiler"":true,""reparacion"":true,""venta"":true}",alquiler; reparacion; venta; escarificador; gasolina; jardin; escarificador cesped; torrijos; toledo; madrid,"Escarificador Gasolina gasolina | ESCARIFICADOR CESPED | Torrijos, Toledo","Alquiler de escarificador gasolina en Torrijos, Toledo. Gasolina. Especialistas en escarificador cesped para profesionales. También ofrecemos reparación y venta.",,,
MAQUINA,compactacion,rodillo-compactador,rodillo-lanza-750kg,rodillo-lanza-750kg,Rodillo Lanza 750kg,rodillo-lanza-750kg,"Rodillo Lanza 750kg profesional para obras y construcción en Torrijos, Toledo.",,compactacion/rodillo-compactador/rodillo-lanza-750kg.jpg,"Rodillo Lanza 750kg - RODILLO COMPACTADOR. Alquiler en Torrijos, Toledo.","{""peso"":""750kg""}","{""alquiler"":true,""reparacion"":true,""venta"":true}",alquiler; reparacion; venta; rodillo; lanza; 750kg; compactacion; rodillo compactador; torrijos; toledo,"Rodillo Lanza 750kg 750kg | RODILLO COMPACTADOR | Torrijos, Toledo","Alquiler de rodillo lanza 750kg en Torrijos, Toledo. 750kg. Especialistas en rodillo compactador para profesionales. También ofrecemos reparación y venta.",,,
MAQUINA,energia,motosoldadora,motosoldadora-gasolina,motosoldadora-gasolina,Motosoldadora Gasolina,motosoldadora-gasolina,"Motosoldadora Gasolina profesional para obras y construcción en Torrijos, Toledo.",,energia/motosoldadora/motosoldadora-gasolina.jpg,"Motosoldadora Gasolina - MOTOSOLDADORA. Alquiler en Torrijos, Toledo.","{""motor"":""gasolina""}","{""alquiler"":true,""reparacion"":true,""venta"":true}",alquiler; reparacion; venta; motosoldadora; gasolina; energia; torrijos; toledo; madrid,"Motosoldadora Gasolina gasolina | MOTOSOLDADORA | Torrijos, Toledo","Alquiler de motosoldadora gasolina en Torrijos, Toledo. Gasolina. Especialistas en motosoldadora para profesionales. También ofrecemos reparación y venta.",,,
MAQUINA,energia,soldadura-inverter,soldadora-inverter,soldadora-inverter,Soldadora Inverter,soldadora-inverter,"Soldadora Inverter profesional para obras y construcción en Torrijos, Toledo.",,energia/soldadura-inverter/soldadora-inverter.jpg,"Soldadora Inverter - SOLDADURA INVERTER. Alquiler en Torrijos, Toledo.",{},"{""alquiler"":true,""reparacion"":true,""venta"":true}",alquiler; reparacion; venta; soldadora; inverter; energia; soldadura inverter; torrijos; toledo; madrid,"Soldadora Inverter | SOLDADURA INVERTER | Torrijos, Toledo","Alquiler de soldadora inverter en Torrijos, Toledo. Especialistas en soldadura inverter para profesionales. También ofrecemos reparación y venta.",,,
MAQUINA,energia,deshumidificador,deshumidificador,deshumidificador,Deshumidificador,deshumidificador,"Deshumidificador profesional para obras y construcción en Torrijos, Toledo.",,energia/deshumidificador/deshumidificador.jpg,"Deshumidificador - DESHUMIDIFICADOR. Alquiler en Torrijos, Toledo.",{},"{""alquiler"":true,""reparacion"":true,""venta"":true}",alquiler; reparacion; venta; deshumidificador; energia; torrijos; toledo; madrid,"Deshumidificador | DESHUMIDIFICADOR | Torrijos, Toledo","Alquiler de deshumidificador en Torrijos, Toledo. Especialistas en deshumidificador para profesionales. También ofrecemos reparación y venta.",,,
MAQUINA,construccion,pulidoras-de-terrazo,pulidora-terrazo,pulidora-terrazo,Pulidora Terrazo,pulidora-terrazo,"Pulidora Terrazo profesional para obras y construcción en Torrijos, Toledo.",,construccion/pulidoras-de-terrazo/pulidora-terrazo.jpg,"Pulidora Terrazo - PULIDORAS DE TERRAZO. Alquiler en Torrijos, Toledo.",{},"{""alquiler"":true,""reparacion"":true,""venta"":true}",alquiler; reparacion; venta; pulidora; terrazo; construccion; pulidoras de terrazo; torrijos; toledo; madrid,"Pulidora Terrazo | PULIDORAS DE TERRAZO | Torrijos, Toledo","Alquiler de pulidora terrazo en Torrijos, Toledo. Especialistas en pulidoras de terrazo para profesionales. También ofrecemos reparación y venta.",,,
MAQUINA,forestal,vareadores,vareador,vareador,Vareador,vareador,"Vareador profesional para obras y construcción en Torrijos, Toledo.",,forestal/vareadores/vareador.jpg,"Vareador - VAREADORES. Alquiler en Torrijos, Toledo.",{},"{""alquiler"":true,""reparacion"":true,""venta"":true}",alquiler; reparacion; venta; vareador; forestal; vareadores; torrijos; toledo; madrid,"Vareador | VAREADORES | Torrijos, Toledo","Alquiler de vareador en Torrijos, Toledo. Especialistas en vareadores para profesionales. También ofrecemos reparación y venta.",,,
MAQUINA,jardin,sopladores,soplador-mochila,soplador-mochila,Soplador Mochila,soplador-mochila,"Soplador Mochila profesional para obras y construcción en Torrijos, Toledo.",,jardin/sopladores/soplador-mochila.jpg,"Soplador Mochila - SOPLADORES. Alquiler en Torrijos, Toledo.",{},"{""alquiler"":true,""reparacion"":true,""venta"":true}",alquiler; reparacion; venta; soplador; mochila; jardin; sopladores; torrijos; toledo; madrid,"Soplador Mochila | SOPLADORES | Torrijos, Toledo","Alquiler de soplador mochila en Torrijos, Toledo. Especialistas en sopladores para profesionales. También ofrecemos reparación y venta.",,,
MAQUINA,jardin,sopladores,soplador-mano,soplador-mano,Soplador Mano,soplador-mano,"Soplador Mano profesional para obras y construcción en Torrijos, Toledo.",,jardin/sopladores/soplador-mano.jpg,"Soplador Mano - SOPLADORES. Alquiler en Torrijos, Toledo.",{},"{""alquiler"":true,""reparacion"":true,""venta"":true}",alquiler; reparacion; venta; soplador; mano; jardin; sopladores; torrijos; toledo; madrid,"Soplador Mano | SOPLADORES | Torrijos, Toledo","Alquiler de soplador mano en Torrijos, Toledo. Especialistas en sopladores para profesionales. También ofrecemos reparación y venta.",,,
MAQUINA,jardin,motopulverizadores,motopulverizador-mochila,motopulverizador-mochila,Motopulverizador Mochila,motopulverizador-mochila,"Motopulverizador Mochila profesional para obras y construcción en Torrijos, Toledo.",,jardin/motopulverizadores/motopulverizador-mochila.jpg,"Motopulverizador Mochila - MOTOPULVERIZADORES. Alquiler en Torrijos, Toledo.",{},"{""alquiler"":true,""reparacion"":true,""venta"":true}",alquiler; reparacion; venta; motopulverizador; mochila; jardin; motopulverizadores; torrijos; toledo; madrid,"Motopulverizador Mochila | MOTOPULVERIZADORES | Torrijos, Toledo","Alquiler de motopulverizador mochila en Torrijos, Toledo. Especialistas en motopulverizadores para profesionales. También ofrecemos reparación y venta.",,,
MAQUINA,jardin,motopulverizadores,carretilla-pulverizacion,carretilla-pulverizacion,Carretilla Pulverizacion,carretilla-pulverizacion,"Carretilla Pulverizacion profesional para obras y construcción en Torrijos, Toledo.",,jardin/motopulverizadores/carretilla-pulverizacion-1.jpg,"Carretilla Pulverizacion - MOTOPULVERIZADORES. Alquiler en Torrijos, Toledo.",{},"{""alquiler"":true,""reparacion"":true,""venta"":true}",alquiler; reparacion; venta; carretilla; pulverizacion; jardin; motopulverizadores; torrijos; toledo; madrid,"Carretilla Pulverizacion | MOTOPULVERIZADORES | Torrijos, Toledo","Alquiler de carretilla pulverizacion en Torrijos, Toledo. Especialistas en motopulverizadores para profesionales. También ofrecemos reparación y venta.",,,
MAQUINA,jardin,motopulverizadores,carretilla-pulverizacion,carretilla-pulverizacion,Carretilla Pulverizacion,carretilla-pulverizacion,"Carretilla Pulverizacion profesional para obras y construcción en Torrijos, Toledo.",,jardin/motopulverizadores/carretilla-pulverizacion-2.jpg,"Carretilla Pulverizacion - MOTOPULVERIZADORES. Alquiler en Torrijos, Toledo.",{},"{""alquiler"":true,""reparacion"":true,""venta"":true}",alquiler; reparacion; venta; carretilla; pulverizacion; jardin; motopulverizadores; torrijos; toledo; madrid,"Carretilla Pulverizacion | MOTOPULVERIZADORES | Torrijos, Toledo","Alquiler de carretilla pulverizacion en Torrijos, Toledo. Especialistas en motopulverizadores para profesionales. También ofrecemos reparación y venta.",,,
MAQUINA,forestal,biotrituradoras,biotrituradora-gasolina,biotrituradora-gasolina,Biotrituradora Gasolina,biotrituradora-gasolina,"Biotrituradora Gasolina profesional para obras y construcción en Torrijos, Toledo.",,forestal/biotrituradoras/biotrituradora-gasolina.jpg,"Biotrituradora Gasolina - BIOTRITURADORAS. Alquiler en Torrijos, Toledo.","{""motor"":""gasolina""}","{""alquiler"":true,""reparacion"":true,""venta"":true}",alquiler; reparacion; venta; biotrituradora; gasolina; forestal; biotrituradoras; torrijos; toledo; madrid,"Biotrituradora Gasolina gasolina | BIOTRITURADORAS | Torrijos, Toledo","Alquiler de biotrituradora gasolina en Torrijos, Toledo. Gasolina. Especialistas en biotrituradoras para profesionales. También ofrecemos reparación y venta.",,,
MAQUINA,desescombro,minicargadora,minicargadora-diesel,minicargadora-diesel,Minicargadora Diesel,minicargadora-diesel,"Minicargadora Diesel profesional para obras y construcción en Torrijos, Toledo.",,desescombro/minicargadora/minicargadora-diesel.jpg,"Minicargadora Diesel - MINICARGADORA. Alquiler en Torrijos, Toledo.","{""motor"":""diesel""}","{""alquiler"":true,""reparacion"":true,""venta"":true}",alquiler; reparacion; venta; minicargadora; diesel; desescombro; torrijos; toledo; madrid,"Minicargadora Diesel diesel | MINICARGADORA | Torrijos, Toledo","Alquiler de minicargadora diesel en Torrijos, Toledo. Diesel. Especialistas en minicargadora para profesionales. También ofrecemos reparación y venta.",,,
MAQUINA,desescombro,miniexcavadora,miniexcavadora,miniexcavadora,Miniexcavadora,miniexcavadora,"Miniexcavadora profesional para obras y construcción en Torrijos, Toledo.",,desescombro/miniexcavadora/miniexcavadora.jpg,"Miniexcavadora - MINIEXCAVADORA. Alquiler en Torrijos, Toledo.",{},"{""alquiler"":true,""reparacion"":true,""venta"":true}",alquiler; reparacion; venta; miniexcavadora; desescombro; torrijos; toledo; madrid,"Miniexcavadora | MINIEXCAVADORA | Torrijos, Toledo","Alquiler de miniexcavadora en Torrijos, Toledo. Especialistas en miniexcavadora para profesionales. También ofrecemos reparación y venta.",,,
MAQUINA,elevacion,escalera-aluminio,escalera-telescopica,escalera-telescopica,Escalera Telescopica,escalera-telescopica,"Escalera Telescopica profesional para obras y construcción en Torrijos, Toledo.",,elevacion/escalera-aluminio/escalera-telescopica.jpg,"Escalera Telescopica - ESCALERA ALUMINIO. Alquiler en Torrijos, Toledo.",{},"{""alquiler"":true,""reparacion"":true,""venta"":true}",alquiler; reparacion; venta; escalera; telescopica; elevacion; escalera aluminio; torrijos; toledo; madrid,"Escalera Telescopica | ESCALERA ALUMINIO | Torrijos, Toledo","Alquiler de escalera telescopica en Torrijos, Toledo. Especialistas en escalera aluminio para profesionales. También ofrecemos reparación y venta.",,,
MAQUINA,construccion,radiales,radial-230,radial-230,Radial 230,radial-230,"Radial 230 profesional para obras y construcción en Torrijos, Toledo.",,construccion/radiales/radial-230.jpg,"Radial 230 - RADIALES. Alquiler en Torrijos, Toledo.",{},"{""alquiler"":true,""reparacion"":true,""venta"":true}",alquiler; reparacion; venta; radial; 230; construccion; radiales; torrijos; toledo; madrid,"Radial 230 | RADIALES | Torrijos, Toledo","Alquiler de radial 230 en Torrijos, Toledo. Especialistas en radiales para profesionales. También ofrecemos reparación y venta.",,,
MAQUINA,compactacion,rodillo-compactador,rodillo-cesped-artificial,rodillo-cesped-artificial,Rodillo Cesped Artificial,rodillo-cesped-artificial,"Rodillo Cesped Artificial profesional para obras y construcción en Torrijos, Toledo.",,compactacion/rodillo-compactador/rodillo-cesped-artificial.jpg,"Rodillo Cesped Artificial - RODILLO COMPACTADOR. Alquiler en Torrijos, Toledo.",{},"{""alquiler"":true,""reparacion"":true,""venta"":true}",alquiler; reparacion; venta; rodillo; cesped; artificial; compactacion; rodillo compactador; torrijos; toledo,"Rodillo Cesped Artificial | RODILLO COMPACTADOR | Torrijos, Toledo","Alquiler de rodillo cesped artificial en Torrijos, Toledo. Especialistas en rodillo compactador para profesionales. También ofrecemos reparación y venta.",,,
MAQUINA,elevacion,manipuladores-telescopicos,manipulador-telescopico,manipulador-telescopico,Manipulador Telescopico,manipulador-telescopico,"Manipulador Telescopico profesional para obras y construcción en Torrijos, Toledo.",,elevacion/manipuladores-telescopicos/manipulador-telescopico.jpg,"Manipulador Telescopico - MANIPULADORES TELESCOPICOS. Alquiler en Torrijos, Toledo.",{},"{""alquiler"":true,""reparacion"":true,""venta"":true}",alquiler; reparacion; venta; manipulador; telescopico; elevacion; manipuladores telescopicos; torrijos; toledo; madrid,"Manipulador Telescopico | MANIPULADORES TELESCOPICOS | Torrijos, Toledo","Alquiler de manipulador telescopico en Torrijos, Toledo. Especialistas en manipuladores telescopicos para profesionales. También ofrecemos reparación y venta.",,,
MAQUINA,desescombro,bajantes-de-escombro,bajante-escombros,bajante-escombros,Bajante Escombros,bajante-escombros,"Bajante Escombros profesional para obras y construcción en Torrijos, Toledo.",,desescombro/bajantes-de-escombro/bajante-escombros.jpg,"Bajante Escombros - BAJANTES DE ESCOMBRO. Alquiler en Torrijos, Toledo.",{},"{""alquiler"":true,""reparacion"":true,""venta"":true}",alquiler; reparacion; venta; bajante; escombros; desescombro; bajantes de escombro; torrijos; toledo; madrid,"Bajante Escombros | BAJANTES DE ESCOMBRO | Torrijos, Toledo","Alquiler de bajante escombros en Torrijos, Toledo. Especialistas en bajantes de escombro para profesionales. También ofrecemos reparación y venta.",,,
